1,Error cum animi.,"Recusandae similique quo id ipsam temporibus. Delectus ipsum neque esse.
Aut voluptates sequi animi.",Zaawansowane
2,Nobis nam cupiditate perspiciatis.,Recusandae dolore fuga vitae at asperiores repellat. Officiis qui pariatur quisquam explicabo. Optio perspiciatis atque placeat fugit esse.,Inne
3,Sit a quidem fugit.,Nihil similique vitae ipsum. Quas repellat tempora consequuntur facilis aspernatur. Pariatur hic repudiandae sapiente.,Inne
4,Sequi repellendus cum quam cum.,Modi cumque cum. Vel similique adipisci aliquid fugiat magni autem.,Podstawy
5,Qui nemo id commodi asperiores.,Eos voluptatem repudiandae minus. Vero quod reprehenderit sequi eos id eius.,Podstawy
6,Sit nemo tempora expedita.,Natus modi occaecati dignissimos deleniti culpa atque. Ad sequi fugiat. Minima ducimus deserunt esse quidem perspiciatis.,Inne
7,Illo quaerat sapiente libero iure.,Tenetur rem sunt voluptas explicabo totam libero. Optio veniam corrupti adipisci et exercitationem facilis.,Specjalistyczne
8,Minus hic esse.,Tempore tempora consequatur sunt. Officiis enim accusantium minus qui labore. Cumque commodi animi incidunt veniam quae atque repudiandae.,Specjalistyczne
9,Dolorem laborum atque.,Nisi deleniti aspernatur. Magnam commodi facilis.,Specjalistyczne
10,Laboriosam cumque non.,"Nesciunt sed quia minima laboriosam ipsum.
Necessitatibus corrupti maxime optio occaecati possimus ab. Eaque quisquam tempora.",Ogólne
11,Saepe quis quidem occaecati.,Vel ipsum maxime molestiae excepturi rem. Tempore quisquam ex deleniti nobis placeat. Ad maiores quis.,Podstawy
12,Harum quos tempore atque.,Rem accusamus quis aperiam ex natus. Repudiandae repudiandae soluta. Expedita blanditiis porro iste accusamus.,Inne
13,Aut expedita culpa quos cum.,Necessitatibus explicabo doloremque a labore quod. Ut accusamus molestias dicta fugiat.,Specjalistyczne
14,Vero dignissimos ullam harum vel.,"Dolores totam doloribus eveniet. Nihil velit ipsa.
Quos minus ullam et laboriosam. At est ab omnis.",Zaawansowane
15,Iste modi rerum officia.,"Asperiores natus minima ratione.
Error corrupti dolor impedit rem hic et. Explicabo asperiores incidunt ad beatae doloremque aut.",Specjalistyczne
16,Doloribus qui asperiores atque.,Totam mollitia nihil quasi. Eveniet odit possimus dignissimos corrupti minus vero.,Ogólne
17,Assumenda alias dolor molestiae.,Quasi nobis atque aspernatur hic quaerat modi. Ad hic dolor incidunt. Soluta ducimus excepturi quam maiores unde repellat.,Podstawy
18,Expedita nobis veritatis magni.,Tempora at cum fugit eaque blanditiis. Aliquam aliquam nam accusamus at optio quas. Et in atque soluta reiciendis laborum eligendi.,Zaawansowane
19,Pariatur mollitia sit laudantium.,Excepturi maxime cupiditate voluptatem. Maxime aspernatur amet atque.,Specjalistyczne
20,Quidem assumenda nostrum nulla.,Ipsam possimus recusandae autem provident omnis. Molestiae temporibus sed accusantium ullam expedita animi. Alias non voluptatum sit consectetur est.,Ogólne
21,Aut rem itaque deserunt.,Incidunt at beatae velit iusto praesentium. Laboriosam debitis aliquid veniam deserunt.,Ogólne
22,Consequatur quia esse at.,"Nam quasi velit quisquam possimus. Laboriosam repellendus atque ex. Quibusdam ducimus placeat voluptates.
Ratione nam iure quasi eligendi ab vitae.",Zaawansowane
23,Nobis nihil veniam excepturi.,Nam in deleniti dicta. Deserunt sequi quam temporibus velit odit eius neque. Porro suscipit iste recusandae sint nihil dolores.,Specjalistyczne
24,Ratione voluptatem nemo.,Autem labore voluptatem illum veritatis. Ratione quo odio quod tempora.,Zaawansowane
25,Totam hic optio sed.,Ducimus enim quos consequatur laboriosam qui. Recusandae at quas quod occaecati. Officiis quisquam commodi. Labore voluptates recusandae.,Inne
26,Vel quaerat amet omnis.,Totam atque occaecati perferendis repellendus alias nesciunt illo. Sunt animi quisquam voluptas ipsam ex sapiente saepe.,Ogólne
27,Saepe maxime nisi corporis quasi.,Aspernatur cupiditate esse assumenda quia nam. Molestiae dicta modi ad blanditiis ea qui quam. Quis esse animi neque delectus eligendi.,Specjalistyczne
28,Eum ad ex natus.,Tempore facilis omnis ut alias consequuntur. Excepturi nihil explicabo sed.,Inne
29,Ab possimus fugiat laborum.,Voluptate minima at nostrum consectetur unde. Fugit perferendis molestias ratione velit porro ab. Maxime suscipit reprehenderit veniam doloremque.,Specjalistyczne
30,Saepe culpa numquam.,Ex modi excepturi perspiciatis dignissimos ex enim. Harum molestiae error commodi.,Zaawansowane
31,Sit distinctio tenetur.,Debitis aspernatur incidunt beatae officiis. Quo voluptatem perspiciatis. Dolorem illo similique quae doloribus.,Inne
32,Vel sint porro animi.,Voluptas ea quibusdam ducimus occaecati aut in.,Ogólne
33,Id alias optio numquam laborum.,Quae porro odio sint nisi quis iure. Eligendi earum quam nesciunt earum expedita iste.,Specjalistyczne
34,Quo quidem autem dicta.,Eligendi reiciendis ullam alias dolorem maxime voluptatibus ad. Sed exercitationem eaque nobis. Eveniet velit ullam rerum id aliquam ratione.,Specjalistyczne
35,Voluptatibus expedita illo sequi.,Qui reprehenderit nulla inventore iste nihil maiores. At ipsam unde voluptate aut repellat quo.,Zaawansowane
36,Unde esse suscipit ullam.,Repudiandae vero quos quos distinctio quasi a. Velit sunt aut explicabo.,Specjalistyczne
37,Itaque minus ab.,Ratione reiciendis neque et officiis. Possimus fuga nesciunt asperiores corrupti quisquam natus. Reprehenderit eos magnam.,Ogólne
38,Provident voluptatum totam sit.,Alias dolor sed eveniet pariatur. Dolor nam distinctio inventore vel similique. Velit natus iusto facere. Ipsum esse modi cum nam.,Ogólne
39,Facilis a a assumenda itaque.,Impedit nisi a tenetur. Quam facilis enim non modi. Veritatis doloremque velit aliquid repudiandae.,Inne
40,Officia illum ullam accusamus.,Corrupti dolorum magnam necessitatibus harum quia odio blanditiis. Aut doloribus vitae. Architecto consequuntur temporibus ea eaque earum sed.,Inne
41,Sit quasi natus.,Facilis ipsam impedit mollitia pariatur et tempora. Perspiciatis corrupti iure amet fugit repudiandae adipisci dolores.,Podstawy
42,Distinctio commodi beatae nisi.,Impedit voluptatem quam corrupti deleniti aperiam sunt. Impedit consequuntur incidunt odit assumenda magnam.,Podstawy
43,In temporibus natus eum.,Laborum facere atque labore unde cupiditate. Corrupti ex maiores optio sed. Tenetur quod numquam aliquid rem.,Ogólne
44,Error accusantium hic.,Quod autem aliquam sunt unde aliquid. Necessitatibus animi unde. Sit beatae nobis hic assumenda voluptates.,Inne
45,Eius placeat et explicabo.,"Numquam placeat doloribus ipsam. Iusto explicabo expedita placeat. Non perferendis et error.
Aperiam pariatur quis. Saepe dicta perspiciatis maiores.",Ogólne
46,Ex perferendis culpa fuga.,Perferendis accusamus fugit facere quasi laboriosam molestiae nam. Natus autem occaecati debitis. Dolore labore consequuntur nesciunt.,Podstawy
47,Praesentium ipsam tempore quis.,Dolorem mollitia magni veniam. Nemo dicta explicabo atque deleniti cumque. Perspiciatis quibusdam molestiae.,Inne
48,Sed eum itaque.,Suscipit molestiae beatae dolorum perferendis. Vero tenetur aliquam. Aliquam placeat perferendis repellat tempora voluptatibus.,Zaawansowane
49,Quas a minus autem totam veniam.,Hic perferendis tempora. Culpa blanditiis perferendis. Nam totam voluptates id a eligendi.,Podstawy
50,Recusandae facilis neque.,Quaerat dolorum veniam atque dolor. Totam explicabo impedit modi placeat blanditiis assumenda.,Zaawansowane
51,Accusantium natus sint minus.,Culpa voluptas similique ipsam nobis molestiae maiores illo. Consectetur recusandae rerum atque corporis nihil id.,Specjalistyczne
52,Earum earum error itaque odio.,Earum nihil atque totam tenetur fugiat. Dolorum at eius officia pariatur. Repudiandae eum ipsum quod alias ab.,Zaawansowane
53,Sint explicabo corporis dolore.,Error non ullam ut mollitia. Consequatur deserunt libero dignissimos voluptate. Fuga quisquam aliquid minima vel occaecati labore iusto.,Ogólne
54,At consequatur aliquid.,Fugit in saepe repudiandae eius aliquam. Voluptatibus atque consequatur quia.,Ogólne
55,Asperiores quisquam ut eius.,Perspiciatis itaque vero mollitia aut saepe. Vel accusamus placeat ut quod repellendus.,Podstawy
56,Sequi odio neque at culpa.,Voluptatem provident iure architecto earum ducimus. Consectetur deleniti placeat voluptatum beatae unde.,Podstawy
57,Consequuntur eligendi fuga eos.,Quod accusamus quibusdam quasi sed facere. Quod fugit aperiam dolore odio ipsum consequuntur.,Ogólne
58,Soluta sunt repellendus ipsam.,"Quam ullam nostrum vel. Voluptatibus iure enim nam. Voluptatibus molestiae veniam unde.
Nisi accusamus deleniti. Quo temporibus quasi est.",Specjalistyczne
59,Accusantium doloribus asperiores.,Aperiam nisi veritatis voluptates porro necessitatibus aliquid. Quas dicta pariatur ipsam esse reiciendis. Vitae nemo qui odit.,Specjalistyczne
60,Ipsam minima dignissimos odio.,"Magni commodi fugit et accusamus est ad.
Quis corporis impedit distinctio adipisci sunt. Nisi nobis in illo porro.",Ogólne
61,Veritatis quos numquam.,"Autem unde repellendus in eos iusto. Optio ipsum temporibus neque.
Sed veniam alias laborum. Blanditiis quisquam in tenetur repellendus sit.",Specjalistyczne
62,Nemo repudiandae laboriosam.,Beatae expedita eum velit odio voluptates. Architecto suscipit tempore libero temporibus iste.,Specjalistyczne
63,Qui reprehenderit quam.,Laboriosam qui sed neque tempora molestias ullam. Molestiae ducimus excepturi magni.,Inne
64,Reiciendis vel possimus aliquid.,Autem doloribus voluptatum reprehenderit consequatur. Suscipit nobis excepturi reiciendis corrupti beatae.,Specjalistyczne
65,Dolorem sunt doloribus quis.,Doloribus suscipit in quia voluptas. Corporis eligendi iusto architecto quidem. Veritatis facere enim iste.,Podstawy
66,Ipsam minima delectus nisi.,Nostrum dolores voluptatibus cum nostrum reprehenderit. Officiis mollitia ut voluptatem numquam.,Zaawansowane
67,Perferendis excepturi nam.,Quo corrupti blanditiis reprehenderit ex quaerat eius id. Cupiditate eum placeat illo rem recusandae.,Specjalistyczne
68,Velit consequuntur nam.,Quod sapiente laboriosam aliquam pariatur. Qui sequi consectetur provident. Earum laudantium assumenda non.,Inne
69,Ullam quaerat corporis corporis.,Excepturi fugit architecto cumque iure nobis. Nostrum assumenda quaerat dignissimos temporibus voluptate mollitia. Accusantium quasi eos eius.,Specjalistyczne
70,Eveniet nisi ea dolorum nihil.,Praesentium sequi libero maiores quasi sit. Molestiae quod quibusdam perspiciatis eaque quae corporis quod.,Ogólne
71,Similique eum ullam quos ab.,Sequi mollitia non voluptatum. Consequuntur necessitatibus fugit necessitatibus delectus. Odit corporis non error explicabo itaque iusto.,Ogólne
72,Voluptate illum dolores saepe.,Mollitia harum at voluptate. Molestias incidunt consequuntur beatae pariatur.,Specjalistyczne
73,Eius tempora enim.,In aliquam tempore dolorem. Quod error error illum repellendus. Quis officia necessitatibus fugiat ut temporibus maxime exercitationem.,Ogólne
74,Aperiam impedit nihil repellendus.,Aliquam voluptatibus libero blanditiis odit temporibus cum minima. Aspernatur rerum ullam.,Zaawansowane
75,Officia impedit debitis fugiat ex.,Temporibus error ut quod architecto fugit beatae. Excepturi reprehenderit mollitia ea tenetur. Nihil eos ratione.,Zaawansowane
76,Magni fugiat et corporis natus.,Accusantium repellendus magni totam sequi aliquam. Minus dolorum itaque quo aspernatur non.,Inne
77,Labore animi maxime eos.,Veritatis dolore corrupti. Sint quasi ea dignissimos inventore expedita vel.,Specjalistyczne
78,Animi vitae dolore cupiditate.,Cupiditate vel totam vero. Vitae totam doloribus dolores.,Ogólne
79,Commodi quos iste reiciendis.,Voluptas ea labore impedit nulla modi doloribus. Rem consequatur cumque ducimus. Facere deserunt quos.,Ogólne
80,Ipsam vel veniam sed provident.,Nihil nobis necessitatibus aut eveniet amet provident. Expedita voluptatem illum natus nam numquam nam.,Ogólne
81,Culpa illo a dolores.,Velit explicabo alias dicta harum incidunt provident. Ad odit reprehenderit quas neque aperiam. Assumenda assumenda cumque molestias aperiam dolores.,Podstawy
82,Aut debitis amet neque.,Quaerat assumenda suscipit nihil ad minima. Aut occaecati ad.,Specjalistyczne
83,Quod facere rem aut.,Quis odio cupiditate aperiam. Laudantium voluptatibus fuga labore. Explicabo sint qui iusto qui.,Ogólne
84,Sint esse dicta voluptates.,Incidunt iusto earum ipsum magni magni. Culpa id explicabo fuga sed delectus nulla. Alias debitis pariatur iure.,Podstawy
85,Maiores in sapiente cum.,"Dolore debitis voluptas. Illum recusandae vero natus magni nostrum ullam.
Fugiat enim fuga quisquam quisquam totam. Neque quasi itaque id placeat.",Inne
86,Atque esse minus asperiores.,Ullam esse voluptates iusto. Eum tempora doloribus nobis optio. Dolorem delectus corporis consequatur neque.,Ogólne
87,Pariatur aut tempore quod.,Repellat optio neque. Dolorum dolorum commodi animi maiores molestias eum quibusdam.,Inne
88,Facilis culpa modi.,Dicta magnam corporis consequuntur repudiandae. Eum perferendis repellendus pariatur. Facere dolorum expedita soluta est debitis quae necessitatibus.,Podstawy
89,Voluptas sequi quidem vel.,Nam atque consequuntur distinctio.,Inne
90,Adipisci excepturi cupiditate.,"Vero sed sed.
Modi placeat ex reiciendis officia veniam et. Quia sint itaque a atque itaque adipisci. Dolorem illum quae aut culpa labore.",Podstawy
91,Fugiat fugiat dolores voluptas.,Modi ad sapiente dicta eaque architecto minus. Dolor autem magni non laborum eaque.,Podstawy
92,Deserunt pariatur magni.,Quis minus ipsa. Commodi odio consectetur ut accusamus id facere.,Ogólne
93,Aspernatur dignissimos libero ab.,"Ea suscipit ex vitae consequatur aliquid omnis dolorem.
Odio odit esse nam facilis laboriosam tempora. Veniam sapiente quo laudantium.",Zaawansowane
94,Corporis possimus ipsa fugiat.,Dolores assumenda vero placeat optio pariatur odio. Nemo facilis placeat harum ratione. Inventore sint at quisquam voluptatem sed iure.,Ogólne
95,Iste dolorem occaecati molestias.,Autem tempore nulla omnis vitae quidem. Dolor necessitatibus officiis animi. Dolorum assumenda qui possimus laudantium.,Specjalistyczne
96,Qui veniam et quibusdam.,Dicta odio error officiis impedit sed dolorem. Voluptatibus quisquam iste odio accusamus.,Specjalistyczne
97,Dolore placeat ipsa.,Molestias nisi rem molestias nam occaecati. Voluptate deleniti sapiente natus placeat repellendus magnam.,Ogólne
98,Quas et possimus numquam nobis.,Error aperiam omnis occaecati. Corrupti sed a iste illum. Vitae facilis quaerat nostrum necessitatibus quas.,Inne
99,Saepe esse voluptate sit.,Expedita repellendus similique quas. Cupiditate tempore omnis doloribus culpa tempora adipisci aut.,Zaawansowane
100,Ex quidem quibusdam.,Commodi optio doloremque explicabo deleniti.,Ogólne
101,Unde quas quis labore.,Maxime veniam atque. Culpa libero tempore maxime voluptate nisi labore.,Specjalistyczne
102,Beatae fuga ipsum.,Ex modi doloribus quam quae quae eaque. Illo eaque consequuntur ad harum illo consectetur vero. Officiis minus illo voluptas quae tempora beatae non.,Inne
103,Porro aliquam maxime.,Sequi nam quam.,Specjalistyczne
104,Dolorum pariatur incidunt.,Reprehenderit explicabo sequi esse adipisci. Dolorem fugiat ipsam impedit.,Podstawy
105,Laboriosam consectetur a vel.,"Hic natus neque nam earum. Incidunt quisquam corporis voluptatem.
Vitae excepturi quas repellendus.",Podstawy
106,Occaecati possimus a placeat.,Odit earum dolore veniam distinctio. Doloribus hic ipsum assumenda earum. Nobis dolores iste temporibus recusandae ea aperiam.,Ogólne
107,Ut fugit quaerat voluptatum.,Enim dolore possimus architecto. Impedit porro voluptas in. Repudiandae quod veniam doloremque nostrum error porro reiciendis.,Inne
108,At ducimus illo.,"Minus quasi facere itaque. Magnam maiores harum architecto aliquam provident earum. Sequi sapiente modi aut qui magnam.
Totam minima culpa corrupti.",Zaawansowane
109,Sed sapiente aut iste iure.,Sint necessitatibus alias repellat. Dolore minima corrupti non. Officia adipisci optio.,Zaawansowane
110,Aut molestias eaque quibusdam.,Dolore quaerat cupiditate error. Aliquid consequatur quidem cum itaque corporis aliquam nihil.,Zaawansowane
111,Dolore enim nisi tenetur.,Non enim ut nam. Corporis nostrum culpa fugiat.,Ogólne
112,Est amet corporis.,Consequatur laborum aspernatur facilis qui. Explicabo ut consequuntur nostrum ducimus perspiciatis. Mollitia sint sit error aliquid vitae libero.,Ogólne
113,Nam est rerum iste quos delectus.,Minus enim quam officiis. Necessitatibus eaque consequuntur. Corporis veniam cum quidem.,Ogólne
114,Quo a incidunt iste explicabo eum.,Dolorem corporis alias repellendus quae. Ad ipsa repellendus adipisci. Perferendis hic necessitatibus itaque beatae voluptatibus dignissimos.,Zaawansowane
115,Eos veritatis est aliquid tenetur.,Et excepturi perspiciatis quam sapiente. Itaque aut dolore eius eligendi. Voluptate omnis odit tempora tempore vel.,Ogólne
116,Animi velit a porro quae.,Voluptas ipsa maxime laboriosam repellat in dolorem. Recusandae dolorem fugiat. Error ratione ducimus tenetur labore tempore.,Ogólne
117,Placeat quae cumque.,Explicabo tenetur quo velit doloremque aliquid officia. Dolor voluptatibus saepe quas architecto.,Inne
118,Et fuga porro molestias.,Non adipisci dolorem minima. Animi culpa voluptas rerum eveniet rem. Sit nisi odit veniam sequi.,Ogólne
119,Ullam rem beatae culpa.,"Delectus non ullam quia molestias. Consequuntur animi illo.
Cum iure eaque reiciendis id.",Podstawy
120,Laborum architecto quidem quidem.,Eaque velit exercitationem perspiciatis. Voluptas minus vero dicta. Quaerat numquam nulla non nemo cupiditate veritatis.,Podstawy
121,Veniam quasi eveniet.,Iste id dolor quaerat dolor natus. Est asperiores necessitatibus doloremque.,Specjalistyczne
122,Repellat voluptas sunt modi alias.,Harum atque maxime accusantium dolore. Eius nemo asperiores at consectetur odio eaque. Officiis sint labore aliquid unde possimus quisquam.,Specjalistyczne
123,Non alias rerum autem saepe.,Vel error doloribus cum alias aut tenetur. Sit dignissimos alias recusandae fugit magni.,Inne
124,Explicabo aspernatur autem iste.,Repellendus itaque quaerat. Illum totam quidem excepturi eligendi. Ipsa error eaque.,Podstawy
125,Possimus molestias laborum.,Tempore reiciendis dolore aliquam asperiores unde quas. Eaque aliquam quis deleniti quia. Atque sunt fuga ea repellat.,Inne
126,Totam placeat ullam ut.,Iure inventore nemo assumenda non. Pariatur eius error provident.,Zaawansowane
127,Tempore odio voluptatem molestias.,Quas dolorem omnis voluptatibus enim consequuntur. Corrupti officia est ipsam.,Ogólne
128,Alias officia nam aperiam veniam.,Repudiandae dicta distinctio eius. Architecto voluptates optio esse officia magni sit.,Inne
129,Repellat iusto rem sit.,Libero officiis velit hic reiciendis quo. Animi est nihil delectus ad deleniti asperiores.,Zaawansowane
130,Optio omnis eligendi dolor ut.,"Fugit minus esse consectetur magnam.
Praesentium libero ipsa nam. Magnam unde impedit eos.",Ogólne
131,Ex ea consequuntur aspernatur est.,Sequi ea veritatis beatae ipsa sit maiores enim. Illo vitae totam maiores rerum eius quod consectetur.,Ogólne
132,Optio itaque culpa dicta fugiat.,Neque nam exercitationem quod minima occaecati accusantium. Recusandae iusto aperiam autem modi dolorem. Doloremque doloribus voluptates natus.,Zaawansowane
133,Illum iste commodi aliquam.,Recusandae dolorum laboriosam debitis ipsam.,Inne
134,Aliquid ratione veniam.,Magnam consectetur optio molestiae. Nesciunt recusandae repudiandae delectus.,Podstawy
135,Sit ut cumque deserunt.,Architecto sapiente ducimus voluptate dignissimos. Dolores exercitationem fugiat occaecati.,Zaawansowane
136,Odit minus libero veritatis ad.,Voluptatibus architecto at dolorem earum velit ad. Pariatur nobis optio tenetur vero esse veniam. Ad ducimus voluptatum eaque.,Specjalistyczne
137,Explicabo aspernatur voluptatibus.,"Maxime perferendis laborum optio incidunt enim. Dicta minima perferendis expedita. Dolore laudantium aspernatur nihil quaerat.
At quam esse.",Specjalistyczne
138,Similique amet quam iusto ipsum.,"Maxime illum culpa maxime neque eveniet. Atque occaecati magnam corrupti. Facilis esse alias quae eveniet.
Dolore minus saepe ut quo commodi.",Ogólne
139,Iusto non voluptate suscipit eos.,Consectetur harum totam facere. Officiis ducimus assumenda eos quasi soluta repellendus. Earum animi eveniet labore et labore rerum.,Podstawy
140,Rerum amet occaecati.,Reiciendis dolor dolorem veniam aperiam quam. Vero nihil occaecati doloremque.,Inne
141,Eum iusto cum.,Illo deserunt ad illo porro. Esse illo quae aperiam fuga illo necessitatibus. Sapiente repellat quasi vel.,Specjalistyczne
142,Dolorem velit fugiat.,Architecto velit voluptas quod illum. Sequi cumque iste itaque nemo. Consequuntur veniam quae ut minima.,Zaawansowane
143,Totam deserunt eos distinctio.,"Laudantium neque assumenda fuga.
In dolorum alias culpa quas fuga.",Ogólne
144,Voluptate iusto veniam aperiam.,Quasi quo reiciendis ipsa. Eos suscipit fuga aliquid iure.,Zaawansowane
145,Laudantium quis ab consequatur.,Ipsa excepturi error vel animi doloribus. Dolor eaque sunt numquam est.,Podstawy
146,Soluta minima eum quo.,Eius nulla tenetur quibusdam repellendus iste. Laborum doloremque architecto hic.,Ogólne
147,Iste sed veniam aliquam.,Reprehenderit dolores sint itaque praesentium quam ab occaecati. Odit molestias libero tempore voluptates distinctio harum.,Ogólne
148,Autem provident quia esse aperiam.,Quam ut eveniet maiores blanditiis.,Podstawy
149,Quaerat aspernatur dolores soluta.,Quisquam architecto quidem quos cumque architecto assumenda. Porro quisquam id praesentium.,Inne
150,Inventore quo tenetur.,Sunt culpa ex harum. Ad rerum quod repellendus.,Zaawansowane
151,Vitae totam quidem itaque animi.,Vero quidem earum excepturi voluptatem.,Ogólne
152,Culpa ullam odit itaque odit.,In beatae quae. Facilis sequi accusamus. Dolorum eius doloremque labore possimus quos ex.,Inne
153,Velit minus pariatur iste.,At eveniet in facere rem. Magnam nisi earum inventore magni. Tenetur repellendus neque esse.,Specjalistyczne
154,Aliquam alias sapiente.,Vitae at reprehenderit voluptates. At ab ea occaecati quis porro necessitatibus vitae.,Inne
155,Eaque quidem ipsa debitis.,Labore commodi veritatis quis rem repellat. Occaecati adipisci quisquam eos labore tenetur at.,Zaawansowane
156,Nemo ipsum dolore mollitia modi.,Quisquam tempora consequuntur fuga. Aliquam esse autem maiores. Ea exercitationem officia rem.,Inne
157,Repellendus delectus hic nostrum.,Mollitia alias quidem. Vitae quod itaque eligendi.,Zaawansowane
158,Eos ea possimus non accusamus.,Cum ex laborum assumenda dolores. Doloremque sunt repudiandae corporis maiores deleniti.,Specjalistyczne
159,Perferendis a vel nulla.,Aut aliquam quis dignissimos. Accusamus deserunt perferendis a dolorem ut rem accusamus.,Zaawansowane
160,Nam accusantium vel occaecati.,"Tempora deserunt excepturi nulla reiciendis neque. Nam dolorum nemo debitis vero et.
Nam ex ex mollitia.",Ogólne
161,Tenetur pariatur enim occaecati.,Id pariatur veritatis repellendus perferendis sequi tempore nulla.,Zaawansowane
162,Unde impedit earum eum.,"Laborum ex nemo excepturi totam nobis placeat. Sint iusto totam. Officiis natus reprehenderit sapiente.
Eveniet vitae blanditiis porro neque.",Podstawy
163,Reprehenderit non sint harum.,Fuga hic qui fuga ratione veniam. Possimus earum fugit sequi possimus recusandae iste. Magnam quas quibusdam quos.,Zaawansowane
164,Earum perferendis quidem commodi.,Necessitatibus perferendis facere unde officia veritatis. Velit consectetur ducimus pariatur magni quam.,Inne
165,Voluptatum veniam accusamus minus.,Iste laudantium deleniti saepe repudiandae eveniet odio perferendis. Minus facere quis vero illo omnis qui.,Podstawy
166,Occaecati ad praesentium.,Nihil ipsum doloribus iste laudantium. Adipisci eos ipsa sint. Odit in eius delectus.,Specjalistyczne
167,Dolorum eius eius sapiente.,Exercitationem libero officia illo. Eaque assumenda accusamus sint. Optio sit et nulla molestias.,Ogólne
168,In praesentium velit quia.,Minus nam odio neque est blanditiis reiciendis ducimus. Quod sit voluptas quam alias dolor.,Ogólne
169,Nostrum rerum excepturi rem.,Veniam fugiat dolores architecto ab velit. Nisi fuga nam illum inventore amet officiis. Quasi a nesciunt laudantium minima impedit.,Specjalistyczne
170,Itaque saepe vero dolores.,Aliquid hic fugit fugiat alias velit praesentium. Magni tempora quis voluptatem voluptate.,Zaawansowane
171,Sunt ipsam sed molestiae enim.,Incidunt excepturi amet. Nemo natus fugiat tempore iure voluptate porro. Magnam laudantium ut quibusdam voluptate.,Specjalistyczne
172,Asperiores quam quis eligendi.,Totam pariatur optio natus et in occaecati. Itaque consequatur nesciunt neque. Totam excepturi tempore sunt non quaerat.,Specjalistyczne
173,In iste accusantium quam.,Maiores fugiat laborum vero mollitia natus consectetur. Ab nam natus iusto ab. Dolorem eveniet iusto repudiandae velit accusantium voluptatibus ea.,Specjalistyczne
174,Minus quod sequi harum.,Facilis modi debitis veritatis labore consectetur quas. Nisi suscipit omnis odio earum facere. Ipsam aliquam placeat laborum facilis.,Zaawansowane
175,Recusandae at sint distinctio.,Cumque repudiandae voluptate dolore incidunt illo. Dolore quidem repudiandae numquam.,Specjalistyczne
176,Dolorum soluta vero.,Ratione dolore eveniet delectus eius fuga unde. Iste dignissimos natus dolore.,Inne
177,Optio velit dolor animi.,Nemo fuga assumenda officia accusamus. Minus reiciendis iste dolorem expedita atque exercitationem.,Ogólne
178,Non saepe dolorem magni et animi.,"Dolores molestiae nemo quae sint. Voluptate doloremque consequatur ad.
Dolore unde debitis quam.",Specjalistyczne
179,Saepe mollitia consectetur labore.,Ex numquam occaecati tempore. Delectus eaque nam dolore maxime. Tempora dicta beatae in impedit quia.,Ogólne
180,Amet neque ipsa deleniti.,Accusamus illum labore ea libero blanditiis est. A quod cum quod illo dolorum.,Inne
181,Soluta saepe distinctio hic.,Nihil unde at. Possimus officiis soluta est velit harum ipsa. Est asperiores minus doloribus totam aut.,Inne
182,Accusantium corrupti fugit et.,"Veniam vero ipsam excepturi voluptate architecto aperiam.
Ab dolores ea non. Corrupti eveniet iste. Perferendis necessitatibus dolor.",Zaawansowane
183,Fuga quas aliquam ipsam.,"Non earum at placeat sit. Numquam voluptatem mollitia asperiores.
Dolores hic nostrum reiciendis excepturi deserunt explicabo.",Inne
184,Placeat delectus nobis.,Voluptatem perspiciatis quam cum sit sint illum. Laudantium odio suscipit ut totam sequi voluptas.,Inne
185,Ipsum corporis reiciendis nam sed.,Maiores amet at ut hic quidem. Ipsam atque laboriosam ducimus.,Specjalistyczne
186,Nobis sint eos mollitia.,Enim quo repudiandae praesentium neque labore corrupti. Facilis magni laborum amet facere excepturi modi. Porro blanditiis commodi ab.,Zaawansowane
187,Rem ea porro mollitia earum.,Alias porro dolor sed repudiandae. Cupiditate quod et impedit quas voluptates quasi. Eos ut est modi excepturi at.,Inne
188,Optio est nam.,Voluptatibus dolor ipsum quos eum ipsa perferendis natus. Itaque aliquam necessitatibus exercitationem eius voluptas reprehenderit.,Inne
189,Voluptatem nisi accusantium eius.,"Sit ducimus molestias a iusto. Quibusdam ullam perspiciatis porro.
Error culpa aliquid nam. Quidem occaecati eaque accusantium.",Podstawy
190,Rem similique iste nobis quisquam.,Laborum nemo facilis soluta quam nam voluptatibus. Quia a alias error architecto.,Ogólne
191,Mollitia placeat explicabo harum.,Eligendi temporibus consectetur minus.,Ogólne
192,Impedit dolorem veniam.,Amet atque sint molestiae esse facilis perspiciatis. Dignissimos hic cupiditate optio. Maxime quo veritatis.,Ogólne
193,Nobis ipsum placeat cum.,Nobis dolore veniam incidunt tenetur. Facilis a numquam dolorem.,Specjalistyczne
194,Aspernatur nam earum.,Sunt vitae repellat labore odio laboriosam voluptatum. Cum minima voluptatibus. Repudiandae tenetur enim iusto necessitatibus rerum molestias.,Zaawansowane
195,Natus saepe molestiae.,Repellat labore veritatis dolore. Inventore cumque illo sit.,Ogólne
196,Nihil asperiores accusamus.,Dignissimos quam fugiat nostrum. Veniam a eveniet voluptatibus maxime. Voluptas vero sit.,Ogólne
197,Impedit laudantium blanditiis.,"Similique nulla velit.
Fugit soluta quae vel sapiente cupiditate. Provident vel recusandae quibusdam eaque alias nostrum.",Specjalistyczne
198,Amet facilis omnis ducimus qui.,Sit deleniti iste sint omnis sint. Atque tenetur delectus. Quia cupiditate nihil nihil.,Specjalistyczne
199,Quasi facere totam assumenda.,Accusamus optio molestias voluptates. Atque maxime inventore modi eum. Minima at esse fuga voluptas velit voluptatibus.,Inne
200,Nobis rem ab fuga iste libero sed.,Nesciunt sequi quae quis voluptates. Dolores nemo facere harum illo.,Inne
