1,Mateusz,Heleniak,staporfilip@example.net,22 715 21 69,Aleks,Heleniak,francszymon@example.net,+48 22 217 50 84,Żyrardów,2023-08-03
2,Cezary,Iwanow,jlinka@example.com,+48 723 396 676,Marcin,Iwanow,janasikmarcelina@example.net,+48 22 041 11 77,Legionowo,2024-08-06
3,Kaja,Foit,zochal@example.com,885 278 297,Maksymilian,Foit,romaniakpawel@example.net,22 555 05 36,Środa Wielkopolska,2024-07-14
4,Mieszko,Listwan,olaf92@example.com,790 997 477,Elżbieta,Listwan,suszkoleonard@example.org,+48 531 229 747,Ruda Śląska,2024-09-24
5,Karina,Cięciwa,marianna50@example.net,+48 32 553 96 71,Sebastian,Cięciwa,agnieszka76@example.net,+48 690 675 786,Świecie,2023-09-03
6,Dagmara,Dulewicz,vbujko@example.com,736 506 838,Patryk,Dulewicz,zkurzak@example.com,666 940 433,Chełm,2022-09-20
7,Konstanty,Pindral,iwanowmarcin@example.com,+48 794 654 831,Marcelina,Pindral,marcelina91@example.org,573 230 574,Bielawa,2024-01-13
8,Damian,Duszczyk,oliwier29@example.org,662 183 058,Oskar,Duszczyk,fryderykmucka@example.net,+48 578 833 177,Dąbrowa Górnicza,2022-02-08
9,Damian,Wojsław,kalistaartur@example.com,538 619 730,Kalina,Wojsław,biankanalewajek@example.com,724 807 015,Augustów,2024-08-07
10,Tobiasz,Andrejczuk,xmarchlewicz@example.net,739 144 025,Marika,Andrejczuk,nczurylo@example.org,+48 22 507 14 12,Świętochłowice,2024-06-29
11,Natasza,Kiljan,dagmarapanasewicz@example.net,+48 22 543 16 54,Ewelina,Kiljan,wiluszroza@example.net,+48 607 176 117,Kościan,2024-07-20
12,Ksawery,Pagacz,syrokajustyna@example.net,+48 576 890 181,Maciej,Pagacz,artursmardz@example.net,+48 573 144 416,Ostróda,2022-11-18
13,Natan,Kuder,witold15@example.org,+48 513 381 654,Lidia,Kuder,lpyziak@example.com,501 003 343,Suwałki,2023-07-28
14,Grzegorz,Gałat,alan70@example.org,531 963 884,Monika,Gałat,ikurzac@example.net,+48 606 769 384,Gniezno,2022-01-20
15,Józef,Makoś,sleczkamaks@example.com,720 298 627,Jerzy,Makoś,gustawburkiewicz@example.org,+48 32 723 02 16,Gdynia,2022-05-09
16,Wojciech,Labudda,latuszekjulita@example.net,+48 795 673 845,Julita,Labudda,dagmara22@example.org,+48 32 646 31 80,Ostrołęka,2022-11-14
17,Monika,Janc,lkosak@example.com,720 532 605,Miłosz,Janc,zlipok@example.com,+48 722 081 136,Pruszcz Gdański,2022-01-13
18,Nela,Graj,kalinakubasiak@example.com,22 125 93 27,Maurycy,Graj,kiecamaks@example.org,+48 32 351 17 89,Przemyśl,2024-08-19
19,Karina,Andryszczyk,nataszakuska@example.com,+48 503 758 789,Marcelina,Andryszczyk,marikapolewka@example.com,+48 506 132 876,Cieszyn,2023-08-04
20,Róża,Nicewicz,myrcikbartek@example.com,513 507 866,Alan,Nicewicz,tarachaniela@example.org,+48 883 715 337,Krotoszyn,2024-06-01
21,Jędrzej,Lenda,dzienismarcel@example.org,+48 881 002 755,Juliusz,Lenda,kamil97@example.net,+48 539 282 092,Inowrocław,2023-01-28
22,Maciej,Sycz,kajetan59@example.com,+48 781 212 596,Jędrzej,Sycz,witoldwlodyka@example.com,536 705 814,Nysa,2022-03-14
23,Albert,Szkup,mariuszfleszar@example.org,+48 32 010 91 58,Sandra,Szkup,andrzej96@example.org,732 663 844,Brodnica,2024-09-30
24,Olaf,Dawidek,idrozdziel@example.net,+48 32 623 15 83,Gabriel,Dawidek,michal25@example.com,+48 726 186 734,Cieszyn,2023-04-11
25,Sebastian,Tytko,baskajetan@example.org,+48 889 311 790,Norbert,Tytko,aleksander52@example.net,695 532 114,Zduńska Wola,2022-11-12
26,Rozalia,Gasik,elzbieta64@example.net,+48 732 264 014,Krystyna,Gasik,szymonturczyk@example.org,518 648 930,Świebodzice,2023-11-05
27,Nela,Guziak,ewalewko@example.com,+48 509 092 466,Nicole,Guziak,elzbietazieja@example.com,536 546 207,Siedlce,2023-02-15
28,Stanisław,Tołoczko,agnieszka17@example.com,+48 793 543 501,Jakub,Tołoczko,tymoteuszlenarcik@example.net,880 253 450,Bielsko-Biała,2024-09-20
29,Melania,Zackiewicz,nataniel37@example.net,+48 662 746 403,Marcin,Zackiewicz,jacek80@example.net,728 958 730,Głogów,2022-09-19
30,Dorota,Januszewicz,bruno57@example.org,+48 509 566 171,Aleks,Januszewicz,antoni39@example.net,+48 731 264 731,Malbork,2023-02-16
31,Adam,Soliwoda,iluszczyk@example.net,784 892 043,Julita,Soliwoda,pszczolkadariusz@example.com,+48 792 063 168,Częstochowa,2024-08-22
32,Maks,Rzońca,karina46@example.net,608 622 888,Karol,Rzońca,brunokroczak@example.net,+48 535 926 222,Jastrzębie-Zdrój,2022-06-02
33,Jędrzej,Bieszke,piotrmrozowicz@example.net,32 339 56 21,Artur,Bieszke,omiotekeliza@example.net,+48 32 099 16 30,Ostrów Wielkopolski,2022-06-19
34,Kajetan,Kosak,marcinkonsek@example.net,+48 889 545 445,Albert,Kosak,franciszekplak@example.com,518 933 067,Polkowice,2023-11-27
35,Blanka,Rej,cezarybak@example.com,+48 694 047 591,Nikodem,Rej,botoradrian@example.org,+48 735 103 032,Oława,2022-08-23
36,Olaf,Kamieniarz,adam26@example.com,+48 22 880 33 22,Fryderyk,Kamieniarz,kurbielmarcin@example.net,+48 504 999 366,Piła,2023-12-07
37,Błażej,Kij,pietrygagrzegorz@example.org,+48 502 099 166,Nikodem,Kij,ida01@example.com,+48 501 027 148,Lublin,2023-09-24
38,Krystian,Wojtarowicz,leonowiczroza@example.com,539 897 695,Dominik,Wojtarowicz,fabiankursa@example.net,534 062 384,Środa Wielkopolska,2024-12-03
39,Sonia,Krekora,nmalycha@example.net,+48 786 954 006,Artur,Krekora,hczulak@example.net,+48 32 914 93 97,Rybnik,2022-10-05
40,Janina,Kiljan,aklek@example.com,506 202 409,Błażej,Kiljan,ewelinasiemieniec@example.net,539 723 910,Bełchatów,2022-12-15
41,Karol,Radzio,adadzwonnik@example.org,506 014 955,Daniel,Radzio,gustaw94@example.org,690 756 831,Kutno,2024-04-13
42,Julianna,Cegła,rokksawery@example.org,+48 510 174 995,Sandra,Cegła,iskowyra@example.net,22 175 38 73,Wieluń,2022-05-21
43,Krystian,Prasek,fdolega@example.net,667 596 122,Roksana,Prasek,dawidekalbert@example.net,727 814 878,Piaseczno,2023-06-16
44,Józef,Linkiewicz,ida52@example.com,799 497 811,Bartek,Linkiewicz,borzymblazej@example.org,+48 663 189 510,Krotoszyn,2024-11-19
45,Wojciech,Sklorz,cwolos@example.com,+48 536 169 194,Melania,Sklorz,klara10@example.org,609 074 877,Oleśnica,2022-05-14
46,Marcel,Walasik,malwina26@example.com,+48 722 156 673,Sebastian,Walasik,nicolelichon@example.com,661 369 661,Łowicz,2023-11-04
47,Wiktor,Posmyk,uigras@example.org,+48 501 400 240,Iwo,Posmyk,tymoteusz51@example.org,+48 794 095 843,Swarzędz,2024-07-13
48,Fabian,Starostka,buszkiewicztomasz@example.com,+48 888 372 123,Natan,Starostka,rafal32@example.com,579 944 972,Ruda Śląska,2024-05-17
49,Adam,Postawa,hamerlamelania@example.net,+48 795 453 903,Natasza,Postawa,urszula28@example.net,+48 731 343 870,Szczecin,2022-11-17
50,Dorota,Bejnarowicz,miloszkrzystek@example.net,784 981 117,Leonard,Bejnarowicz,adamgolenia@example.org,510 969 933,Szczytno,2023-09-01
51,Arkadiusz,Adrian,ckazana@example.org,+48 720 396 842,Gaja,Adrian,vmieloch@example.org,502 570 059,Kwidzyn,2024-11-13
52,Sandra,Słupek,pdylak@example.com,32 016 67 78,Apolonia,Słupek,irlakamila@example.net,661 432 072,Sandomierz,2023-06-28
53,Ernest,Poreda,roza31@example.net,880 966 812,Michał,Poreda,litwinczukmarika@example.net,+48 500 217 884,Lubliniec,2024-02-06
54,Adam,Jarkiewicz,kazimierz43@example.org,+48 888 853 417,Eliza,Jarkiewicz,patryk18@example.com,601 765 959,Czechowice-Dziedzice,2024-08-10
55,Blanka,Konat,biankaboksa@example.org,796 020 834,Oliwier,Konat,gustaw18@example.net,32 660 82 65,Świdnik,2023-12-23
56,Józef,Kazior,skupinwojciech@example.com,+48 690 006 855,Juliusz,Kazior,natanielburdach@example.net,792 117 205,Zabrze,2022-03-30
57,Klara,Dziopa,ewa04@example.com,516 684 668,Eliza,Dziopa,lidia34@example.net,+48 572 831 352,Częstochowa,2022-04-10
58,Filip,Semik,hdziewior@example.com,572 922 245,Marcel,Semik,hynekkornelia@example.com,+48 738 221 937,Zgierz,2022-03-14
59,Lidia,Ciuba,stosioliwia@example.org,513 742 860,Jerzy,Ciuba,piotr95@example.com,+48 795 955 625,Szczecinek,2023-02-21
60,Marianna,Suszka,qduczek@example.org,570 001 528,Nicole,Suszka,maksymilian40@example.com,727 265 007,Lębork,2022-12-05
61,Sebastian,Zacharek,stanislawlepak@example.org,+48 789 375 691,Marianna,Zacharek,wardzalaroza@example.net,+48 669 633 436,Myszków,2022-01-11
62,Malwina,Kęsek,fwika@example.org,22 059 47 68,Jerzy,Kęsek,mieszkomadzia@example.com,662 078 680,Biłgoraj,2022-05-20
63,Adam,Bekus,eciurus@example.org,+48 504 319 474,Ernest,Bekus,szmeltertymon@example.org,32 920 16 93,Kołobrzeg,2023-11-22
64,Ksawery,Pietryga,oragus@example.com,+48 791 861 156,Norbert,Pietryga,marcin28@example.com,+48 727 012 093,Koło,2023-10-03
65,Bruno,Świerszcz,krzysztof59@example.net,32 703 70 73,Karina,Świerszcz,irebis@example.net,+48 661 612 289,Bytom,2022-12-14
66,Adrian,Gumienna,fwalusiak@example.org,+48 668 397 367,Sylwia,Gumienna,tola51@example.com,+48 738 589 828,Żywiec,2024-04-26
67,Anastazja,Sosnówka,pawel47@example.net,535 247 980,Kalina,Sosnówka,wjuszczuk@example.com,669 419 222,Lębork,2023-07-01
68,Angelika,Kolarz,stanislaw49@example.org,575 258 193,Agnieszka,Kolarz,tadeusz29@example.net,+48 22 351 00 10,Pszczyna,2023-09-05
69,Maksymilian,Chudoba,krystakarina@example.net,+48 787 506 064,Szymon,Chudoba,stanislawrychel@example.org,22 415 75 20,Wołomin,2022-05-11
70,Krzysztof,Łuszczak,eryk23@example.net,+48 730 342 122,Janina,Łuszczak,stanaszekmarika@example.com,506 336 439,Pabianice,2023-07-06
71,Marek,Kornet,malzada@example.net,+48 794 043 041,Kacper,Kornet,szycaadrianna@example.org,799 928 568,Krosno,2022-01-07
72,Mateusz,Famuła,vbeska@example.com,+48 734 099 542,Jeremi,Famuła,wpruchnik@example.org,+48 578 300 111,Środa Wielkopolska,2024-01-09
73,Natan,Toczko,aurelia18@example.com,32 140 39 25,Gustaw,Toczko,matulewiczanastazja@example.com,793 262 570,Lubin,2023-09-17
74,Maks,Waniek,bszyc@example.com,795 108 530,Marika,Waniek,piotr34@example.net,578 007 821,Brodnica,2023-02-25
75,Karol,Downar,dwichlacz@example.org,690 553 636,Karina,Downar,plodzienjedrzej@example.com,+48 507 720 907,Nysa,2022-12-18
76,Kornelia,Mandrysz,tymon30@example.com,+48 789 811 581,Cyprian,Mandrysz,wdywan@example.org,+48 795 500 959,Sochaczew,2023-06-12
77,Dawid,Spadło,urusnak@example.org,506 382 737,Mariusz,Spadło,soczewkamarcel@example.com,22 849 73 70,Gorzów Wielkopolski,2024-08-20
78,Daniel,Pedrycz,krzysztof63@example.net,797 961 805,Justyna,Pedrycz,stachelekmieszko@example.net,+48 663 156 937,Pabianice,2022-03-06
79,Jędrzej,Kubiaczyk,lidia30@example.net,+48 32 626 61 17,Emil,Kubiaczyk,tymoteuszkunert@example.com,+48 666 207 956,Kędzierzyn-Koźle,2024-02-28
80,Rafał,Roszko,vpys@example.com,+48 22 649 96 78,Nataniel,Roszko,vsyldatk@example.net,505 908 756,Brodnica,2022-11-14
81,Dagmara,Danilczuk,adrianna74@example.com,+48 787 669 833,Nataniel,Danilczuk,jerzy51@example.com,+48 883 947 088,Jelenia Góra,2024-10-17
82,Błażej,Waleczek,rwarmuz@example.com,608 566 836,Fryderyk,Waleczek,bbanachowicz@example.org,+48 669 313 200,Piotrków Trybunalski,2024-12-03
83,Adrianna,Kurzaj,nicolemoniuszko@example.org,+48 733 457 697,Cezary,Kurzaj,rozaliacofala@example.org,+48 883 383 140,Kętrzyn,2023-04-08
84,Tomasz,Jarczak,olkowiczsandra@example.com,781 775 412,Paweł,Jarczak,xskoneczna@example.net,32 419 85 98,Toruń,2023-06-24
85,Karina,Męcik,szok@example.com,514 144 762,Witold,Męcik,plodzienkrystian@example.com,22 594 98 06,Lubliniec,2023-03-10
86,Kamil,Stupak,hubert01@example.net,+48 665 525 663,Dominik,Stupak,witoldkarnas@example.org,661 961 698,Polkowice,2022-10-31
87,Olaf,Małyszka,oliwier22@example.org,+48 22 370 62 06,Inga,Małyszka,olafkrakowczyk@example.com,882 889 934,Kłodzko,2022-04-05
88,Dawid,Strzyż,mieszkopierz@example.com,+48 570 463 065,Apolonia,Strzyż,zfitrzyk@example.net,+48 791 180 393,Białogard,2023-06-06
89,Julianna,Litwinowicz,marcinszczepaniec@example.com,+48 792 358 705,Sylwia,Litwinowicz,grysoskar@example.org,+48 22 713 96 75,Legnica,2024-05-05
90,Adrian,Miętka,frysolaf@example.org,738 240 570,Adam,Miętka,bazydlodamian@example.com,+48 722 316 011,Goleniów,2024-08-19
91,Dagmara,Serwach,kuffelblazej@example.net,661 668 336,Iwo,Serwach,agnieszkalepka@example.org,+48 888 801 022,Bartoszyce,2024-01-24
92,Juliusz,Stochaj,angelikakochanowicz@example.net,+48 22 831 51 17,Antoni,Stochaj,paligamieszko@example.com,602 164 465,Mikołów,2022-04-13
93,Jeremi,Morgała,magiermaksymilian@example.com,32 258 45 41,Ryszard,Morgała,kborysiuk@example.net,+48 692 239 745,Kraśnik,2024-06-28
94,Radosław,Kobryń,stefan50@example.com,+48 690 865 972,Liwia,Kobryń,dawidzapadka@example.org,+48 32 339 74 14,Łódź,2022-05-18
95,Maurycy,Maciejczuk,deboszmaksymilian@example.net,+48 574 420 717,Nela,Maciejczuk,qhadas@example.org,517 554 469,Żory,2022-04-13
96,Michał,Zygmuntowicz,jeremi48@example.com,786 616 733,Sonia,Zygmuntowicz,emil97@example.org,+48 32 685 79 48,Kościan,2024-10-06
97,Róża,Doroba,drobekmikolaj@example.org,608 137 800,Ewelina,Doroba,maksymilianmiodek@example.com,532 491 719,Suwałki,2022-08-08
98,Aurelia,Kiryluk,olgierd96@example.com,795 062 422,Daniel,Kiryluk,awitas@example.org,+48 696 468 891,Łuków,2022-04-16
99,Maksymilian,Stochel,sykalaelzbieta@example.com,570 422 171,Artur,Stochel,nykcezary@example.com,+48 784 880 561,Nowy Targ,2024-10-26
100,Marika,Hynek,rozasowala@example.net,+48 731 164 564,Kazimierz,Hynek,nagelmarika@example.com,697 380 703,Ostrów Mazowiecka,2022-10-03
101,Melania,Szlęk,pawel28@example.net,696 797 122,Julian,Szlęk,adam44@example.net,+48 576 069 950,Czechowice-Dziedzice,2022-12-05
102,Fryderyk,Namysł,ikozlowicz@example.com,607 697 582,Marcin,Namysł,alexszumny@example.org,696 601 807,Polkowice,2024-01-09
103,Maks,Aleksander,ynaumiuk@example.org,601 627 549,Jan,Aleksander,hasiakwiktor@example.net,+48 667 172 854,Ząbki,2023-09-09
104,Dominik,Karmelita,sebastiantwardzik@example.com,515 870 029,Ewelina,Karmelita,blazejdanilczuk@example.net,780 684 902,Świecie,2023-08-21
105,Marcel,Piskor,hubertrozynek@example.net,32 696 75 37,Malwina,Piskor,kalinaleszczuk@example.net,+48 534 868 232,Olsztyn,2022-04-28
106,Radosław,Dyrek,zgemza@example.net,+48 789 531 968,Antoni,Dyrek,justyna48@example.net,699 513 354,Rumia,2023-12-22
107,Paweł,Skonieczka,nataszatworzydlo@example.net,+48 605 818 620,Emil,Skonieczka,rjachna@example.com,601 239 630,Radom,2024-09-16
108,Stanisław,Dzierwa,tobiaszgoj@example.net,+48 782 431 170,Kajetan,Dzierwa,fploskonka@example.com,+48 726 068 310,Wrocław,2023-02-11
109,Tobiasz,Sarniak,oszymonik@example.net,+48 699 417 061,Filip,Sarniak,agnieszkapoletek@example.org,+48 576 715 646,Gdańsk,2022-08-28
110,Julianna,Baumgart,iryfa@example.com,736 425 322,Jakub,Baumgart,hellerewelina@example.org,536 690 386,Nowy Targ,2024-04-29
111,Ida,Babij,xkomsta@example.com,+48 783 987 325,Tymon,Babij,miloszjedrys@example.com,+48 574 885 443,Starachowice,2024-01-31
112,Cezary,Pernak,vslowiak@example.org,+48 693 812 414,Rozalia,Pernak,ignacyczermak@example.net,794 702 285,Świnoujście,2023-01-24
113,Karina,Dej,adrian97@example.org,+48 22 590 35 05,Łukasz,Dej,staporaurelia@example.com,+48 782 193 242,Legionowo,2023-04-27
114,Kamil,Pośnik,wkansy@example.org,574 384 907,Norbert,Pośnik,marcolbruno@example.org,664 534 750,Wągrowiec,2024-04-16
115,Dorota,Radzewicz,pawhubert@example.com,+48 739 390 833,Wojciech,Radzewicz,lidia56@example.com,22 251 69 56,Otwock,2022-11-30
116,Tomasz,Szeja,patalasmelania@example.com,22 689 09 88,Filip,Szeja,kaja25@example.com,728 372 308,Ostrołęka,2023-01-08
117,Kalina,Mejer,wojciech34@example.net,+48 22 247 20 48,Mariusz,Mejer,ceglagustaw@example.net,+48 22 053 85 33,Mysłowice,2022-11-02
118,Sylwia,Samul,kopijmaurycy@example.org,+48 32 168 41 62,Karina,Samul,witoldwatras@example.org,786 174 442,Środa Wielkopolska,2022-08-05
119,Jacek,Mikusek,elizastoj@example.com,+48 693 508 986,Dorota,Mikusek,bobkokornel@example.net,+48 790 537 635,Lubliniec,2024-08-14
120,Sylwia,Maszczyk,jedrysalan@example.org,+48 885 039 413,Antoni,Maszczyk,antoniromankiewicz@example.com,883 724 595,Bielsko-Biała,2024-07-03
121,Dariusz,Podgórna,marcelinaopiola@example.net,+48 699 344 990,Sebastian,Podgórna,kusekkonrad@example.net,+48 32 519 08 76,Pruszcz Gdański,2022-03-17
122,Marika,Wołk,fryderykzygula@example.net,+48 721 838 278,Błażej,Wołk,mieszkosemik@example.com,+48 579 742 252,Piotrków Trybunalski,2024-05-02
123,Tomasz,Gordon,llepa@example.net,+48 660 546 859,Janina,Gordon,mieszkosporysz@example.org,32 940 96 38,Knurów,2023-07-10
124,Łukasz,Pinda,ropiakaurelia@example.com,+48 532 270 489,Ewelina,Pinda,oengel@example.com,+48 32 163 97 84,Łowicz,2024-08-14
125,Sonia,Łasica,oliwier79@example.org,32 004 02 15,Dominik,Łasica,yglaza@example.org,+48 22 704 68 68,Bydgoszcz,2024-03-22
126,Gustaw,Sapeta,dariusz78@example.net,692 211 253,Andrzej,Sapeta,gustaw69@example.net,+48 733 575 593,Brodnica,2023-09-26
127,Kalina,Kandziora,hubertgorol@example.net,578 547 660,Antoni,Kandziora,anita39@example.net,+48 32 012 19 23,Bielsko-Biała,2022-05-28
128,Urszula,Wardziak,filipsady@example.com,+48 794 725 290,Sylwia,Wardziak,korzonekmonika@example.net,+48 32 540 91 23,Kołobrzeg,2024-06-29
129,Marcel,Łobacz,juliannalagiewka@example.org,+48 797 196 467,Arkadiusz,Łobacz,ogustaw@example.com,22 492 31 37,Sandomierz,2023-07-03
130,Borys,Bąbel,blankakaczmar@example.net,+48 609 744 387,Jacek,Bąbel,flisiakkonrad@example.com,+48 792 616 789,Płock,2023-12-01
131,Apolonia,Kurach,hkarwan@example.net,+48 572 973 433,Franciszek,Kurach,mzyktymoteusz@example.com,+48 606 496 126,Żory,2022-04-10
132,Jeremi,Madajczyk,lidia09@example.org,+48 698 803 212,Maksymilian,Madajczyk,ejarema@example.org,732 060 953,Jarosław,2022-07-09
133,Anastazja,Bobel,wozniczkotola@example.com,698 846 730,Marek,Bobel,ygasik@example.net,+48 511 385 346,Koszalin,2023-06-01
134,Adam,Rzońca,jacek28@example.org,+48 737 563 871,Kacper,Rzońca,belsner@example.com,506 050 109,Elbląg,2024-12-10
135,Patryk,Andruszko,angelika24@example.com,+48 738 919 973,Rafał,Andruszko,wfedorczyk@example.net,+48 579 347 929,Tarnów,2023-10-14
136,Dagmara,Hartman,szczepaniecmarcelina@example.org,+48 797 215 044,Klara,Hartman,blazejandryszczyk@example.org,22 585 32 65,Płońsk,2023-09-09
137,Justyna,Fedyk,nickelmieszko@example.net,+48 730 512 944,Marika,Fedyk,kajetanslyk@example.org,+48 796 417 303,Czechowice-Dziedzice,2024-02-16
138,Grzegorz,Plebanek,anita93@example.com,+48 662 659 524,Julianna,Plebanek,dariusz35@example.net,536 903 501,Jarosław,2023-09-20
139,Ryszard,Doktor,xgrab@example.org,+48 530 510 618,Bartek,Doktor,surdykkrystian@example.net,+48 22 124 03 40,Ełk,2023-12-16
140,Ryszard,Kalarus,borys44@example.net,693 201 392,Gabriel,Kalarus,hnogiec@example.net,+48 502 002 560,Zabrze,2023-02-16
141,Marianna,Fiedorczuk,nikodem56@example.com,+48 502 523 546,Grzegorz,Fiedorczuk,olga12@example.com,+48 882 415 461,Śrem,2021-12-22
142,Karol,Kozar,tjaniuk@example.com,530 186 966,Sara,Kozar,nicolegronkiewicz@example.org,537 076 193,Racibórz,2022-02-22
143,Anita,Midura,stefan25@example.com,+48 533 708 677,Kacper,Midura,vkrysta@example.net,+48 32 805 86 90,Świebodzice,2023-10-04
144,Mikołaj,Hutnik,sandraraczkiewicz@example.net,+48 667 068 451,Kamil,Hutnik,kasicaarkadiusz@example.com,535 330 741,Zawiercie,2024-07-07
145,Mariusz,Pęksa,soniaklosek@example.org,+48 733 297 696,Justyna,Pęksa,mcudzich@example.com,+48 780 447 443,Gniezno,2024-09-17
146,Inga,Dering,szokkonstanty@example.com,+48 506 980 209,Mateusz,Dering,patryk14@example.net,32 498 42 41,Piaseczno,2023-02-15
147,Juliusz,Neubauer,dagmarapotoczek@example.net,22 856 24 69,Dagmara,Neubauer,monikaszalaj@example.com,+48 535 694 929,Szczecin,2022-06-23
148,Aurelia,Kościk,hsiarkiewicz@example.com,785 742 853,Fabian,Kościk,alexkonstanty@example.net,797 736 541,Rzeszów,2023-10-30
149,Natan,Olas,tadeuszkurzaj@example.org,+48 506 520 042,Jerzy,Olas,wiktor08@example.net,+48 578 750 540,Kościerzyna,2023-06-19
150,Ignacy,Prucnal,grzegorzwiewiorka@example.org,792 225 640,Mieszko,Prucnal,lidia56@example.net,607 162 692,Elbląg,2024-06-24
151,Karol,Siatka,roksana24@example.org,536 140 112,Maciej,Siatka,ksawerymorcinek@example.org,507 793 714,Jastrzębie-Zdrój,2023-07-28
152,Agnieszka,Faryna,agnieszka31@example.com,570 349 374,Bruno,Faryna,akrzyk@example.com,+48 32 753 45 46,Jarocin,2023-02-16
153,Ryszard,Klemens,heleniakemil@example.net,+48 518 989 124,Inga,Klemens,dominik08@example.net,735 030 540,Gniezno,2022-12-04
154,Miłosz,Kabza,xzok@example.net,792 653 465,Maciej,Kabza,damianglica@example.org,669 671 649,Mińsk Mazowiecki,2022-09-25
155,Tymoteusz,Kurp,tomalukasz@example.com,729 814 595,Blanka,Kurp,jurasignacy@example.net,788 082 793,Konin,2022-10-26
156,Juliusz,Koperek,cgrabas@example.com,577 338 239,Mikołaj,Koperek,lczlonka@example.org,+48 784 863 982,Sosnowiec,2023-01-18
157,Maksymilian,Kuska,mateusz06@example.org,+48 517 693 547,Andrzej,Kuska,jedrzej51@example.net,+48 32 423 32 89,Bielsko-Biała,2024-11-18
158,Alex,Wiaderek,dydakalbert@example.net,534 650 739,Daniel,Wiaderek,krystianros@example.org,+48 518 199 521,Kościerzyna,2023-09-02
159,Rafał,Cebulak,maurycybros@example.net,506 302 101,Ignacy,Cebulak,wkups@example.org,+48 790 601 613,Będzin,2024-06-09
160,Franciszek,Drywa,kacperpalyga@example.net,601 440 226,Agnieszka,Drywa,robert78@example.net,731 335 883,Głogów,2024-07-29
161,Nataniel,Kukieła,nikodem74@example.net,692 662 316,Robert,Kukieła,lcibor@example.net,+48 500 583 326,Grodzisk Mazowiecki,2024-05-20
162,Witold,Budzeń,kornelia65@example.org,+48 32 476 10 24,Mieszko,Budzeń,flisekkonrad@example.org,+48 733 622 712,Koszalin,2022-05-06
163,Kornelia,Józwik,okunka@example.org,723 817 142,Krystyna,Józwik,maksymangelika@example.com,783 685 665,Piaseczno,2024-11-12
164,Kornelia,Kłosiewicz,mintajedrzej@example.org,+48 882 956 960,Kaja,Kłosiewicz,piotr82@example.org,+48 609 082 855,Warszawa,2024-03-13
165,Aniela,Wiszowaty,tkielbowicz@example.com,667 072 372,Michał,Wiszowaty,bekert@example.org,602 704 570,Bochnia,2024-08-22
166,Filip,Sulik,oliwier23@example.com,+48 506 585 788,Apolonia,Sulik,krzyskoeliza@example.net,22 946 50 58,Leszno,2022-04-19
167,Tomasz,Feret,wochnikkornelia@example.com,+48 669 379 493,Fryderyk,Feret,ppilka@example.org,+48 502 257 559,Wałbrzych,2023-11-22
168,Filip,Frost,xkregiel@example.org,+48 782 406 050,Ignacy,Frost,monikagruszczyk@example.net,+48 504 876 935,Ostrów Wielkopolski,2023-11-30
169,Borys,Początek,gwincenciak@example.com,736 431 264,Kamil,Początek,jedrzej95@example.net,887 153 752,Wałcz,2022-11-25
170,Ewelina,Drewniok,fmartynowicz@example.com,570 516 478,Kalina,Drewniok,wiktorwowra@example.net,+48 506 363 502,Lubin,2022-10-05
171,Eliza,Maszczyk,piekaczhubert@example.org,+48 500 869 442,Ernest,Maszczyk,iwo96@example.com,+48 517 811 050,Lębork,2022-02-12
172,Mieszko,Wiatrak,gsommerfeld@example.com,782 278 333,Mariusz,Wiatrak,nicolebork@example.org,+48 575 622 742,Radom,2023-01-20
173,Nataniel,Lulek,uigras@example.net,699 015 444,Tymoteusz,Lulek,imajorczyk@example.org,574 647 909,Wałcz,2023-06-15
174,Gustaw,Basista,nitkiewiczapolonia@example.net,+48 501 139 901,Nela,Basista,pdzieza@example.com,+48 608 725 849,Piekary Śląskie,2024-07-08
175,Ida,Serwach,robertstempin@example.net,32 132 98 78,Anastazja,Serwach,natasza63@example.com,781 769 289,Olsztyn,2023-02-09
176,Michał,Grabas,apolonia21@example.org,691 976 207,Norbert,Grabas,natan21@example.net,+48 605 742 222,Krotoszyn,2022-11-24
177,Marcel,Foit,pjarczak@example.org,780 342 977,Jan,Foit,marek73@example.org,662 124 943,Biała Podlaska,2022-05-29
178,Michał,Stasica,bkoronkiewicz@example.net,+48 22 911 79 87,Tobiasz,Stasica,mieszkoluczkiewicz@example.com,22 654 59 63,Giżycko,2022-07-10
179,Fabian,Solnica,robert27@example.com,515 416 798,Łukasz,Solnica,jandulasonia@example.org,+48 668 739 566,Łuków,2023-10-10
180,Cezary,Dziurdzia,tsolnica@example.org,+48 880 212 442,Bianka,Dziurdzia,dawid86@example.org,536 396 277,Bolesławiec,2023-11-21
181,Sylwia,Grabara,apolonia70@example.net,+48 511 285 054,Julianna,Grabara,wmarkiel@example.net,501 603 580,Lublin,2022-06-17
182,Hubert,Sommerfeld,zszklarek@example.org,+48 573 820 258,Kalina,Sommerfeld,konradmachowiak@example.net,+48 32 085 98 05,Kędzierzyn-Koźle,2022-07-17
183,Adrianna,Błaziak,blazejgozdur@example.net,695 144 290,Julita,Błaziak,kamil34@example.com,+48 887 989 426,Zielona Góra,2024-02-05
184,Witold,Surdyk,zkomisarek@example.net,519 631 691,Kamila,Surdyk,qbilik@example.net,530 379 751,Knurów,2022-04-06
185,Jakub,Wereda,gustaw75@example.net,+48 535 365 230,Agnieszka,Wereda,jhartman@example.com,+48 730 031 763,Sopot,2022-02-12
186,Ryszard,Figat,gapyssara@example.org,530 517 160,Maurycy,Figat,jacekluksza@example.org,+48 538 222 977,Rzeszów,2024-02-26
187,Nicole,Klorek,korneliakaraskiewicz@example.com,514 547 708,Eliza,Klorek,bartekadamaszek@example.net,+48 665 099 500,Ząbki,2022-01-23
188,Maksymilian,Kolonko,mariuszsladek@example.net,+48 22 477 39 47,Tomasz,Kolonko,anna-maria67@example.org,+48 502 235 270,Jastrzębie-Zdrój,2022-10-22
189,Fryderyk,Wydrych,norbert81@example.net,+48 501 248 602,Oskar,Wydrych,rmargas@example.org,795 124 077,Łowicz,2023-08-15
190,Klara,Wojciech,aniela84@example.net,+48 789 916 000,Tomasz,Wojciech,orzeszekmilosz@example.net,735 985 465,Piastów,2023-03-07
191,Andrzej,Sztuba,hornikewelina@example.org,507 504 160,Eryk,Sztuba,aeckert@example.com,+48 502 965 286,Wołomin,2024-01-30
192,Andrzej,Kolarz,kinaljustyna@example.com,607 900 124,Anastazja,Kolarz,witoldkutnik@example.com,609 469 541,Lublin,2022-04-13
193,Malwina,Miodek,halatkarina@example.com,516 664 050,Nataniel,Miodek,kalinalodyga@example.com,+48 22 338 50 58,Zgierz,2024-05-16
194,Jakub,Armata,bartek95@example.com,502 025 471,Marcelina,Armata,konradkolbusz@example.net,+48 500 598 157,Kętrzyn,2023-12-11
195,Marcel,Spólnik,konrad55@example.com,+48 797 675 509,Melania,Spólnik,piotr05@example.com,+48 799 534 891,Tarnobrzeg,2022-11-26
196,Filip,Dulas,odudko@example.com,22 612 84 34,Borys,Dulas,mataczarkadiusz@example.net,534 435 525,Świecie,2024-11-28
197,Maurycy,Bidas,mtrawka@example.com,+48 608 106 037,Kalina,Bidas,kornelia41@example.com,+48 508 153 202,Koło,2022-09-17
198,Aniela,Mokwa,bslabosz@example.com,+48 664 922 584,Kazimierz,Mokwa,jozefteter@example.org,577 652 498,Pruszków,2024-05-10
199,Dariusz,Nytko,jnyk@example.org,+48 22 340 06 98,Maciej,Nytko,toladurma@example.com,+48 737 411 274,Białystok,2024-09-08
200,Damian,Garczarek,konstanty16@example.com,660 552 286,Dariusz,Garczarek,zamoraolga@example.org,+48 669 686 138,Bielawa,2023-11-13
