1,Deserunt neque nobis.,"Consectetur sapiente explicabo assumenda et. Dolorum dicta laudantium harum vitae ea consequatur explicabo.
Iure sint quam tempore. Quasi ea veniam.",Zaawansowane
2,Dolore impedit eum quidem.,Libero veniam veritatis culpa omnis. Ipsam mollitia quae vero. Placeat ad consequatur. Rem occaecati atque consectetur dignissimos.,Zaawansowane
3,Enim fugit culpa cum.,Aliquam recusandae similique earum tenetur suscipit ratione. Ipsum perferendis deserunt.,Zaawansowane
4,Vitae doloribus temporibus.,Iste vero aspernatur pariatur. Consequatur explicabo excepturi at perferendis accusamus fuga. Id doloribus voluptate ipsa harum.,Specjalistyczne
5,Tempore error non illum natus.,"Itaque ipsa rem expedita voluptate. Quis voluptatibus suscipit magnam magni odit.
Iusto adipisci quisquam molestias fugiat.",Zaawansowane
6,Odio laudantium fugiat esse.,"Repudiandae voluptatum nam ab porro.
Pariatur similique libero voluptatibus animi atque architecto. Consequatur consequuntur officia enim.",Podstawy
7,Iure provident libero.,Reprehenderit odit tempora dolores mollitia possimus. Tempora minima perferendis.,Ogólne
8,Sit perferendis alias dignissimos.,Ex delectus sapiente reiciendis quis commodi. Soluta tenetur expedita voluptatem minus excepturi. Minima repellendus tenetur vel tempora.,Zaawansowane
9,Amet ut asperiores quia.,Deserunt nulla culpa iste unde. Aperiam aspernatur expedita possimus fuga.,Podstawy
10,Laborum commodi nulla.,Officia distinctio aut dolores ex deleniti quidem. Magni eveniet ad assumenda qui iste iure.,Zaawansowane
11,Odit nostrum hic velit.,Nihil nemo nisi doloribus ab. Consectetur aut autem laboriosam. Rerum odit pariatur aliquam.,Inne
12,Cum iusto vel esse.,Perspiciatis magni expedita debitis iure nobis quam. Culpa numquam dolorum rerum. Placeat quasi quibusdam voluptate.,Zaawansowane
13,Minus odio hic assumenda fugiat.,Quae asperiores voluptas. Veniam nobis nobis accusantium quod nostrum. Nihil veritatis praesentium praesentium dolor.,Podstawy
14,Amet quo ad minus.,Dolorem perferendis in ullam nam pariatur adipisci tenetur. Perferendis qui voluptate perferendis ab.,Zaawansowane
15,Blanditiis voluptatum ducimus.,Quisquam molestiae quidem quia. Officia blanditiis esse aliquid dolorum nemo velit. Voluptatum porro hic aliquam ea enim.,Inne
16,Veritatis distinctio itaque.,"Ad tempore beatae labore quisquam. Adipisci nam cumque exercitationem odio dolores atque.
Placeat exercitationem eveniet delectus fugit nostrum.",Inne
17,Esse placeat ad.,Numquam numquam perspiciatis dolor. Velit corporis corrupti eius nesciunt optio. Quod totam animi cumque laudantium.,Podstawy
18,Fuga enim a beatae recusandae.,Corrupti recusandae nobis necessitatibus numquam doloremque. Quasi repellendus animi facilis quasi.,Zaawansowane
19,Perferendis magnam rerum pariatur.,Fugiat occaecati accusantium minima accusantium est nulla perferendis. Alias autem voluptatem vel minus explicabo unde.,Podstawy
20,Ut doloribus quis asperiores ad.,Hic nihil quia optio quia officia voluptate et. Impedit modi quibusdam libero.,Zaawansowane
21,Occaecati ab iure et veniam.,Deserunt cupiditate iste illum aliquam totam. Sapiente eaque ipsam. Necessitatibus magnam dolore dicta porro eius.,Inne
22,Molestiae maiores excepturi.,"In corporis sit modi. At quod fugit velit. Dolor laudantium eius maiores.
Aliquam explicabo quisquam nam autem. Perferendis soluta similique rem.",Podstawy
23,Nesciunt soluta nostrum enim est.,Iusto excepturi ducimus. Quisquam quis nisi error aut sunt facilis. Ducimus aspernatur magni voluptatem officia ratione a.,Podstawy
24,Ratione sapiente quia.,Ullam tempora tenetur aut. Minima maxime ipsam recusandae.,Podstawy
25,Natus inventore at rerum tenetur.,Quae veritatis error cupiditate doloribus. Ipsam accusantium officiis exercitationem. Praesentium numquam deleniti consequatur animi eum incidunt.,Zaawansowane
26,Consequatur voluptatum sunt.,Aliquam delectus at. Fugiat odit consectetur voluptates vel nostrum. Velit numquam rerum nulla.,Podstawy
27,Fugiat dolores dolorem ullam.,"Officia totam neque ex inventore sapiente. Beatae atque doloribus eveniet dolorum iusto.
Ipsam rem libero ad. Expedita quis quam nobis.",Podstawy
28,Cum illum unde quisquam in facere.,"Sequi magnam enim quas velit saepe fuga.
Consequatur illo est atque qui. Ea dolor voluptates cum dicta repudiandae. Cum inventore illo occaecati eum.",Inne
29,Enim rerum quos sed officia quos.,Fugiat eum omnis quos voluptatem vero. Cum eligendi quidem mollitia architecto.,Ogólne
30,Accusantium aut itaque minima.,"Mollitia cupiditate expedita porro. Culpa deserunt sequi iusto delectus ex.
Non delectus facilis voluptate architecto.",Ogólne
