1,27,94,3,"Nostrum placeat facilis repellat et.
Vel assumenda nisi iure quos magni cum. Dolorem animi ipsa officiis fugit earum. Aliquam quam debitis ratione at natus.",2022-05-05
2,26,188,4,Veritatis distinctio dolor magnam voluptate vero incidunt. Optio corporis corporis vel nisi molestias dolorem.,2022-01-05
3,30,30,2,Incidunt iusto aperiam vero blanditiis voluptatem ullam. Officia quos est pariatur recusandae provident. Dolor porro voluptatum et harum vero possimus.,2022-08-10
4,70,10,3,Fuga assumenda unde illo. Temporibus veritatis provident harum facilis harum porro omnis.,2023-10-20
5,12,132,2,Porro sequi autem commodi magni rerum. Veritatis natus magnam totam. Maxime ipsam quasi.,2023-11-24
6,31,100,4,"Sapiente quam fuga eius dolorem dicta at. Eum quas eius ipsam optio. Id tenetur ipsum odit dignissimos.
Excepturi voluptatem est eius. Mollitia porro distinctio reprehenderit non officia.",2023-12-25
7,32,105,4,Ipsam voluptate eius doloremque quo quis sit. Provident architecto ut quidem. Voluptatibus animi perspiciatis explicabo asperiores animi sunt.,2022-02-05
8,76,38,4,"Porro eos optio earum. Eveniet quas dolorum porro porro.
Omnis laborum itaque neque ipsum. Dolorum impedit quo repellendus. Ullam odit nulla dolores. Aperiam a quidem aliquam enim quaerat.",2022-01-26
9,97,99,3,Iusto asperiores alias sequi nulla deleniti. Quo in architecto unde commodi.,2023-09-04
10,43,115,3,"Iure quia nihil beatae voluptates assumenda. Explicabo itaque quia. Eos dolores itaque nemo.
Fugit ullam deleniti. Incidunt eaque architecto nulla expedita pariatur.",2023-02-28
11,34,76,2,"Mollitia quidem libero quasi modi accusantium deserunt magnam.
Eligendi ab qui eum ducimus. Nostrum asperiores iste distinctio consequatur saepe.",2023-08-26
12,87,171,2,"Illum illo autem earum id.
Tempore dolore incidunt quo possimus. Ipsam tempore illo.",2021-11-06
13,21,63,5,Maiores praesentium a nostrum quis sit. Quidem omnis occaecati recusandae beatae. Officia atque quibusdam a ducimus aliquid natus totam.,2022-04-19
14,100,38,1,Porro debitis consequuntur sapiente tempora inventore quo. Id in expedita illo adipisci pariatur numquam. Quos hic voluptates ea unde id corrupti.,2022-06-17
15,16,180,4,"Quia nobis porro sapiente fugit consequuntur provident. Nihil accusantium harum porro hic.
Eaque reprehenderit facere earum voluptas.",2024-02-18
16,35,171,4,Facere aspernatur eos doloribus eum aut aut. Omnis aliquam sint nulla laborum ab sunt. Porro occaecati dignissimos temporibus dignissimos.,2022-03-18
17,96,64,2,"Quia nesciunt reiciendis enim laudantium. Aspernatur delectus ut ipsa in quod sequi.
Dolorum recusandae totam non enim quia debitis.",2022-08-09
18,79,128,1,"Officia impedit aut est. Porro ab dignissimos eligendi.
Sapiente veniam aperiam nulla quas ipsam. Reprehenderit esse sequi quam natus.",2024-10-10
19,41,114,5,Reprehenderit enim quidem laboriosam facere. Repudiandae aliquid sapiente placeat. Commodi praesentium voluptate commodi.,2023-05-25
20,39,118,5,"Ullam aperiam tempora cumque repellendus. Enim minima quo corrupti asperiores minima possimus.
Est voluptatibus neque sunt error eaque. Occaecati itaque animi.",2022-09-17
21,18,154,3,"Earum non beatae atque minima beatae. Cum vero nisi aut soluta. Non explicabo nam porro commodi deserunt.
Mollitia distinctio sequi sit id at.",2023-11-29
22,95,29,4,Ullam ullam pariatur. Incidunt reprehenderit quas eveniet sequi aliquid expedita. Laborum cupiditate saepe dolorum reiciendis.,2021-12-11
23,81,117,3,"At minus odit fuga. Perferendis doloremque esse mollitia vero. Molestias id quisquam delectus.
Commodi suscipit architecto vel suscipit voluptate. Quibusdam fugiat magnam incidunt maiores at.",2022-07-11
24,44,158,4,"Quo in dolorem officia recusandae nesciunt. Quas ipsum quibusdam consequuntur expedita eveniet fugit.
Natus amet porro iure. Amet vel perferendis impedit ratione asperiores modi.",2023-03-09
25,2,39,1,"Voluptatum perferendis aliquid tenetur delectus eos. Praesentium voluptates accusantium ratione.
Fuga odit nostrum corrupti dolore temporibus dolorum.",2021-12-12
26,69,102,1,Recusandae fugit recusandae veniam tempore. Alias esse repudiandae minima fugiat architecto. Dolor modi accusamus nihil architecto quo reiciendis.,2024-04-25
27,94,13,1,"Quisquam eligendi officiis illo et alias. Omnis voluptatum beatae quo tempore quaerat.
Molestias praesentium facilis. Molestias quam quod distinctio minus. Esse officia quis illo neque nam esse.",2023-06-07
28,40,119,5,"Dolores a aperiam quisquam itaque. Pariatur incidunt doloremque vel. Optio nobis aspernatur distinctio.
Possimus magni incidunt error. Impedit laboriosam esse.",2023-02-19
29,23,4,5,Quod vitae molestiae facere deleniti recusandae. Ipsam eius maxime dicta autem assumenda. Dolorum amet nobis placeat ratione pariatur iste veniam.,2024-07-08
30,61,196,4,Deleniti ullam debitis autem. Ad quaerat esse temporibus adipisci est assumenda quas. Porro excepturi magni distinctio dolore facere maxime.,2022-07-06
31,23,122,3,"Nisi harum quas iusto explicabo. Illum quos dolorum sed.
Dicta modi rem enim architecto. Quam nostrum maxime beatae officia.",2024-05-03
32,11,65,1,Iure molestiae delectus voluptates alias dolore optio. Deserunt necessitatibus ipsum mollitia nihil ex repellat. Et temporibus ex nemo sapiente.,2023-07-09
33,2,155,2,"Nemo natus a numquam. Rem sequi incidunt itaque incidunt. Possimus porro similique qui accusantium.
Totam blanditiis non provident eaque facere ipsa. Necessitatibus optio cupiditate laudantium.",2022-01-14
34,91,151,4,Molestiae iusto suscipit deleniti totam culpa repudiandae. Explicabo ipsa vero alias. Adipisci quibusdam delectus exercitationem amet.,2021-12-23
35,40,189,5,Sapiente soluta illum ipsam natus. Animi sapiente voluptas sequi cum explicabo.,2024-04-03
36,91,97,2,"Quis cum vitae nesciunt qui sit.
Fugit soluta et amet tempore. Nihil facilis numquam officia nisi. Iusto in minus similique quidem.",2024-01-03
37,17,72,4,"Ratione repellendus harum expedita nisi accusantium quos. Ratione officiis aperiam facere officiis deleniti rerum mollitia.
Expedita dolorum sapiente perferendis. Labore amet dolorum hic.",2024-03-12
38,92,53,1,Tempora mollitia iste quibusdam expedita. Blanditiis laboriosam voluptas accusamus laboriosam explicabo aliquid. Incidunt nobis eaque est labore tenetur sit.,2022-03-10
39,94,121,2,"Non dignissimos vero alias.
Beatae facere atque quibusdam explicabo velit. Totam necessitatibus fuga similique odit. Libero ut error hic mollitia blanditiis facere sunt.",2023-07-15
40,98,52,2,Molestiae et necessitatibus eos assumenda. Laudantium quam dolores amet minus sequi dolorum.,2023-05-04
41,1,88,1,Modi doloremque atque atque assumenda quo. Dicta distinctio nulla optio molestias. Repudiandae a ipsum placeat perferendis odit.,2024-02-29
42,4,88,1,"Tenetur dolor illum nobis. Earum fuga aliquam laudantium dicta.
Delectus maiores eligendi molestias necessitatibus quia ea. Repellat quo vero iure nihil.",2022-12-24
43,5,20,3,Recusandae voluptates minima voluptatum minus debitis quos. Assumenda nihil alias quam. Reiciendis eius numquam at. Expedita cumque soluta praesentium laborum amet.,2022-09-12
44,11,176,1,Praesentium reprehenderit aliquid reprehenderit magni. Qui minima repellat harum dolorum atque.,2022-04-30
45,93,58,5,"Corrupti dolorum neque. Aspernatur minima sequi hic. Nulla cupiditate consequuntur aliquam sequi atque.
Expedita accusamus sed. Sunt eveniet voluptates facere numquam dignissimos vel reiciendis.",2024-06-21
46,65,178,3,Minus eos atque occaecati animi. Harum atque culpa repellat. Libero dolores deleniti voluptatem incidunt beatae tempora aut.,2022-12-23
47,63,27,4,"Hic incidunt velit recusandae repudiandae facilis hic. Est reiciendis reprehenderit. Nisi minima deleniti cumque distinctio totam.
Corporis quos deserunt ut impedit odio.",2022-03-17
48,37,196,4,Aut cupiditate odio commodi accusamus iste non id. Temporibus iusto corporis quaerat. Non assumenda beatae distinctio ipsam.,2022-04-04
49,93,162,3,"Ratione nihil illo quidem. Ipsum unde maxime neque sunt tempora suscipit.
Mollitia perferendis sunt voluptate eligendi. Fugiat omnis in soluta assumenda quam dicta.",2023-07-18
50,86,173,4,Dolorem mollitia sed sunt sint ut laborum excepturi. Consectetur excepturi magnam dolorum eum ipsum.,2024-02-01
51,58,101,5,"Sequi earum est consequatur magni voluptatibus ullam. Nam occaecati eos assumenda reprehenderit.
Quos incidunt voluptatem nisi cum. Nam veniam eaque consequatur. Fugiat fugit quibusdam quae commodi.",2022-09-17
52,7,78,3,Ipsam error impedit in neque. Perferendis mollitia alias molestias praesentium repellat. Esse quae dolores assumenda nemo.,2023-05-06
53,38,89,3,Magni ut voluptatum quod fuga suscipit. Doloremque unde nisi possimus natus aspernatur soluta.,2024-06-01
54,1,66,5,Alias officia voluptates natus voluptas quod accusantium. Ab porro sunt labore autem explicabo fuga. Doloribus excepturi itaque consequuntur pariatur aliquid minima aspernatur.,2022-08-13
55,97,123,3,Aliquid repellendus veniam provident impedit accusantium quod. Non illo sit voluptates consectetur. Sequi rem dolorum eligendi. Commodi corporis officia dignissimos iusto veniam fugiat.,2023-05-08
56,60,199,4,"Quos delectus voluptatibus aperiam. Odio rerum suscipit harum. Maiores facere at laboriosam sed.
Quibusdam quia occaecati. Totam qui soluta libero saepe. Non assumenda expedita fugit.",2023-05-21
57,55,77,3,"Dolores aspernatur animi modi repellat consequuntur. Nihil dolorem ullam odit.
Quo illum aliquam pariatur qui. Culpa eos esse id culpa deleniti. Ad quaerat repudiandae harum quidem.",2023-06-13
58,66,138,2,Facilis nulla ex eius eaque rem modi. Doloremque voluptatibus tempore blanditiis. Minus architecto quasi ex ab repudiandae.,2022-10-03
59,30,14,1,Itaque fugit ipsam praesentium inventore ea. Sit hic temporibus doloribus doloremque consequuntur.,2024-10-25
60,57,121,3,"A laudantium sequi minus. Magni unde inventore nisi laudantium sapiente laudantium.
Vel repudiandae earum.
Consequuntur quam in. Odit dolor incidunt facere facere quae. Laborum ipsam sunt a deserunt.",2023-08-04
61,100,100,5,Deserunt nobis explicabo. Labore quaerat vel delectus nulla deserunt. Aut similique iure dignissimos.,2022-02-14
62,41,149,5,Modi veniam odio ipsam saepe unde et. Soluta esse reprehenderit. Ab voluptatum ut quod numquam recusandae.,2023-11-11
63,14,29,2,Vitae earum officiis magnam tenetur magnam consequatur. Inventore laboriosam necessitatibus architecto dicta quaerat.,2024-07-08
64,34,56,5,Tenetur reiciendis in ab maxime vel illo vero. Veniam nihil assumenda commodi illum odio consectetur. A ullam tenetur.,2023-09-26
65,3,79,4,Expedita incidunt eligendi nulla eveniet quos. Vero occaecati quaerat commodi reprehenderit nostrum cumque nesciunt.,2022-10-06
66,73,84,1,Neque commodi nobis doloribus laborum voluptate vel. Porro aliquam qui iste. Enim illum quasi delectus dolor magnam.,2023-09-20
67,41,21,2,"Corrupti earum debitis commodi illum. Optio labore a quas totam.
Praesentium ducimus nesciunt cumque illum itaque possimus. Eius pariatur deleniti fuga.",2023-04-04
68,14,35,5,Repudiandae temporibus corrupti corporis animi. Nulla totam magni eaque molestiae sint officiis. Mollitia expedita nam illum.,2022-07-25
69,44,150,1,Ad quas occaecati commodi sapiente pariatur adipisci. Adipisci mollitia corrupti voluptatem aut. Corrupti repellat velit repellendus culpa.,2022-02-08
70,6,118,2,"Officiis fugiat nam architecto totam. Nostrum hic numquam quas minima accusantium.
Molestias quaerat deserunt ex quos tempora voluptatem. Consequatur eius fuga dolores.",2024-03-26
71,87,124,3,Quas ut alias vero pariatur accusantium. Mollitia eligendi eaque necessitatibus nostrum exercitationem.,2024-07-27
72,85,15,1,Nobis quisquam doloribus ipsum sed pariatur. Ratione optio mollitia vero illo. Dolorum soluta officia placeat non eos.,2021-11-29
73,35,64,4,"Itaque numquam optio aut atque totam aut sunt.
Quae cum dolorum ut veniam. Omnis quae dolorem voluptatem modi.",2022-01-28
74,77,186,1,Laboriosam similique rem deserunt corporis sit sequi. Totam itaque eaque aliquam.,2022-02-22
75,27,194,2,Tempora id consequatur accusantium ipsa. Vero occaecati error dicta unde illum pariatur.,2022-03-19
76,96,7,3,"Itaque nulla nam magnam sint officiis delectus. Similique inventore impedit magnam ab maiores.
Id accusantium tenetur.",2022-05-17
77,94,22,4,"Voluptate hic laboriosam quam quo. Alias illum velit fugit.
Beatae cupiditate illo expedita odit. A architecto soluta ipsam molestiae. Dicta sit quos ea corporis.",2023-12-03
78,48,17,3,"Doloribus perferendis deleniti fugit ut libero. Autem optio pariatur fugiat voluptatem.
A facilis sint sapiente repellat nulla ratione. Fugit commodi dolorum voluptate quae.",2023-03-04
79,30,118,5,"Aut magni adipisci fugit. Non numquam voluptatibus odio praesentium ducimus rem libero.
Ut dignissimos illo praesentium consequuntur quidem commodi. Reprehenderit nostrum suscipit.",2023-01-01
80,75,117,4,Voluptates dicta quisquam id ducimus tempora cupiditate doloribus. Velit similique eligendi. Iure eum magni quod illum mollitia doloremque.,2022-01-20
81,55,88,3,Eveniet dignissimos culpa blanditiis perferendis eius doloribus neque. Quos mollitia explicabo id enim reiciendis quidem. Quo maxime doloremque veniam. Laboriosam sunt officiis ullam nostrum.,2023-04-09
82,21,30,4,Ab nam ab eaque. Itaque tenetur esse eligendi unde. Beatae pariatur accusamus perferendis officia molestiae. Rerum dicta quisquam deserunt.,2022-07-29
83,6,119,1,"Eius officiis quam quas. Commodi tempora aliquam repellat.
Blanditiis optio itaque temporibus doloremque nobis consectetur. Doloremque expedita distinctio fuga laborum expedita.",2024-04-09
84,95,184,1,"Nemo fugiat sint officia fuga. Dicta adipisci saepe quae deleniti veniam.
Aut quam veniam voluptatem laudantium. Atque possimus ut sint odio ipsum.",2022-02-27
85,79,26,2,Placeat dolore magnam veniam sint dolore ipsa. Nemo nemo ut debitis architecto distinctio. Distinctio quam ipsum impedit.,2023-10-21
86,38,114,5,Ipsa sed nemo. Dignissimos incidunt eos tempora nemo deleniti laudantium voluptatibus. Veritatis dolorum animi blanditiis perspiciatis.,2023-01-20
87,28,6,5,"Consequuntur ratione soluta ab. Quod quam debitis iusto ipsum. Explicabo quis esse.
Omnis cum commodi. Minus unde numquam magnam numquam.",2024-09-03
88,96,156,1,"Atque commodi eum velit distinctio harum ipsam. Sunt iste quasi magni illo. Voluptates laudantium pariatur vel et aspernatur.
Aperiam pariatur iusto blanditiis. Odio minima aperiam aliquam error.",2022-02-13
89,14,157,1,Ipsa magni odit iusto quod iusto id. Expedita quasi quidem consequuntur nostrum libero aspernatur.,2024-06-07
90,26,19,4,"Reprehenderit alias ad distinctio quod ipsam aspernatur. Temporibus laboriosam neque est sunt. Delectus possimus ab.
Facere fugiat consequuntur culpa iure. Non fugit amet.",2022-09-10
91,76,17,1,"Vitae doloribus ad ipsum ut. Quasi ipsum beatae facere. Animi assumenda minus esse.
Sunt officiis laborum libero sed.
Saepe non ratione minima deserunt sunt deleniti atque. Aliquid eius voluptates.",2022-09-01
92,88,186,3,"Harum esse at. Nihil quisquam unde mollitia aliquid itaque quo consequatur.
Placeat beatae voluptates fuga sed qui. Unde voluptates modi similique maxime porro sequi aut.",2022-07-31
93,80,117,3,"Fuga at consequuntur nam.
Et nihil iste ullam ducimus doloribus. Mollitia eaque praesentium illo provident dolores facilis. Quidem ut dolorem minus.",2022-01-22
94,76,144,1,Non iusto minima debitis minus iure. Eius similique unde voluptates officiis autem. Perspiciatis voluptates dignissimos non.,2023-06-07
95,60,192,1,"Modi mollitia temporibus voluptas reiciendis accusantium. Est recusandae nam quisquam.
Atque nihil quos ducimus voluptas necessitatibus. Debitis explicabo commodi dolore.",2023-01-22
96,6,175,1,Quis illo ratione consequuntur quisquam iusto quaerat commodi. Laboriosam similique exercitationem quia maiores iusto.,2024-02-22
97,96,73,4,"Quam modi ex sit.
Maiores iure corrupti corporis quos. Odit veritatis exercitationem repellendus unde.",2021-11-08
98,80,143,5,Fugiat saepe ipsa in alias sequi recusandae. Explicabo facilis amet. Id molestias at deleniti minus accusantium eveniet assumenda.,2022-05-28
99,29,146,2,Animi inventore amet repudiandae omnis ducimus. Doloribus quia officiis sunt. Dolore debitis iste. Tempore veritatis modi quasi id fuga.,2021-11-22
100,44,139,5,Dignissimos tempore perspiciatis veniam omnis harum. Eius placeat voluptatem ex facilis repellendus. Rerum eius corporis iste consequuntur laboriosam illum.,2024-03-27
101,99,99,2,Eaque quae nisi at. Soluta temporibus dolores corporis voluptatibus quo nemo.,2023-01-19
102,64,152,4,"Eius ipsum quas dolorem doloremque ducimus adipisci.
Odio quasi voluptatibus praesentium.
Est quis deleniti quia voluptatum at dolor. Pariatur facere similique ea quisquam.",2023-02-17
103,65,27,2,"Dolorem beatae ipsum nemo.
Eaque consequuntur nisi enim sed repellendus. Est sed saepe dolore delectus quis eligendi perspiciatis.",2022-07-19
104,44,68,4,"Molestiae enim officiis quas error officia. Necessitatibus odit enim officia officia magni fugiat.
Sapiente sit nulla voluptatibus alias. Unde unde asperiores sequi.",2024-01-31
105,62,85,1,"Sed ipsam fugit. Consequuntur fuga exercitationem praesentium cum nostrum.
Iusto sint suscipit ullam cupiditate. Quibusdam sunt libero accusamus odio.",2023-02-13
106,79,32,4,"Doloribus alias quaerat quidem. Repudiandae error nam ex.
Aliquid nobis accusantium vero natus beatae amet in. Totam similique nisi similique. Beatae aliquid sed ea rerum blanditiis quidem.",2023-12-01
107,89,130,5,Atque assumenda eos itaque. Modi eaque deleniti. Mollitia optio asperiores soluta aliquam reiciendis maxime distinctio.,2022-01-13
108,43,58,3,Nobis consequatur eveniet nobis alias ratione corporis. Mollitia debitis suscipit rem dignissimos aperiam. Voluptatem facilis officiis atque minima maxime.,2023-10-19
109,23,197,5,Ab dolore iusto quos numquam doloribus. Qui at aut. Neque possimus occaecati amet voluptates dignissimos veritatis. Minus mollitia vero nemo labore dolore nulla.,2024-04-02
110,99,45,3,Et quaerat quaerat corrupti illo maiores. Velit ratione est assumenda dignissimos placeat. Illo reprehenderit sunt explicabo quasi doloremque aspernatur.,2024-01-25
111,49,67,2,Cupiditate similique dolores doloribus ratione sint perferendis aliquid. Perferendis saepe voluptas dicta. Quam id sed.,2024-07-02
112,47,166,1,"Aperiam voluptatibus ipsum error impedit. Facilis eos maiores neque maiores totam.
Voluptatem dolores harum. Tenetur facilis fugit. Voluptate consequuntur expedita sequi vel similique voluptatem.",2024-08-09
113,79,163,3,In quidem eaque mollitia minus eligendi. Harum earum eveniet alias pariatur. Voluptates pariatur blanditiis sequi.,2024-04-06
114,15,30,4,Mollitia temporibus ipsam velit dolore nulla quo. Molestiae iste unde quae tenetur facere quos. Nisi corporis perspiciatis dolorem ad.,2023-09-13
115,53,123,2,Recusandae totam iure aliquam reiciendis illo facilis. Nihil ipsa ullam rem ad sit mollitia.,2022-03-26
116,46,48,5,Reprehenderit quidem praesentium nisi tempore deserunt. Omnis itaque labore non ratione repellendus harum. Harum perferendis est ab vitae quo.,2023-07-07
117,59,24,4,Ut debitis alias nesciunt hic. Officia sed mollitia molestiae consequuntur. Est minima iusto dolor reiciendis repellat.,2024-03-22
118,72,21,2,Non quis ducimus asperiores nisi doloribus nemo corporis. Labore non doloribus at corrupti nostrum voluptates.,2023-12-23
119,98,176,3,Blanditiis ad excepturi in dolorem minima dignissimos architecto. Fugiat repudiandae earum excepturi esse eligendi doloremque.,2023-12-28
120,45,116,1,"Suscipit perferendis ipsum. Voluptatum eligendi iste omnis praesentium. Mollitia nesciunt blanditiis fugiat neque impedit eligendi porro.
Sed nobis dignissimos ad eligendi officia.",2021-12-22
121,31,185,3,Voluptatibus hic culpa est. Aliquam eligendi delectus eveniet. Optio maiores repellendus voluptatum sed maxime.,2022-03-28
122,92,76,5,Unde consequatur perferendis molestiae quos. Sapiente numquam odit. Amet deserunt inventore eos optio voluptates illo.,2023-01-12
123,36,32,5,Odio optio porro aliquid ratione iusto occaecati. Cum ipsam nam molestias repudiandae repudiandae atque neque.,2024-08-26
124,79,137,5,"Quo ea temporibus ipsa eaque. Voluptas in magnam hic incidunt. Odit voluptates cumque.
Nemo ab autem dignissimos reprehenderit. Vero nam impedit illo porro saepe. Sequi maxime corrupti labore.",2021-11-08
125,73,156,5,"Harum qui culpa eos. Cum nostrum ex error sit explicabo. Magnam blanditiis error molestias.
Vel neque sequi reprehenderit quaerat fugit. Magnam nihil ipsum.",2023-11-18
126,66,191,1,"Ad officia unde expedita illum repudiandae saepe corrupti. Ullam alias autem tempora blanditiis.
Fugiat rem eaque minima recusandae in.",2022-03-26
127,18,124,4,Mollitia quam distinctio quas quo. Nobis facere officia itaque qui. Velit ipsa excepturi nesciunt omnis similique consequuntur.,2022-12-11
128,13,44,4,Tempora maxime adipisci deleniti placeat placeat qui. Beatae sapiente a repellendus quia similique ea voluptatem. Atque ad accusantium doloribus nostrum.,2022-03-13
129,43,116,5,"Sint deserunt sed. Quisquam natus dicta porro magnam explicabo.
Cumque voluptatem repudiandae praesentium.",2022-10-26
130,29,162,1,Dolorum soluta maxime quae aperiam molestias. Dolores ipsam reprehenderit facere. Libero culpa temporibus labore a.,2024-09-19
131,190,157,5,"Quo voluptas est veritatis est minima. Placeat iusto dignissimos ea.
Consequuntur tenetur cupiditate omnis quaerat incidunt maiores cum. Perferendis quibusdam maiores dolorum.",2023-04-30
132,116,137,4,Excepturi distinctio corporis ullam veniam dolore ad. Non eum sequi repellat ad vitae. Odit veritatis sint.,2022-02-10
133,107,13,4,Beatae labore iusto ullam repellendus dolor dolorem. Error labore possimus temporibus est nihil. Dolorem similique facilis sequi cumque cum.,2021-11-07
134,137,114,3,Blanditiis est asperiores quidem facilis voluptate accusantium. Quam ea eos sunt. Id eius nesciunt necessitatibus aliquid. Quo porro corporis.,2024-01-09
135,134,95,3,Saepe ab expedita odio eum necessitatibus. Impedit molestiae eveniet deleniti. Eum mollitia ex omnis itaque incidunt quis. Numquam totam repellat dignissimos ullam totam eos eius.,2023-05-11
136,87,12,1,Voluptates minima excepturi sed placeat sit quis. Ducimus iste facere voluptatibus vero voluptatibus. Veniam voluptates esse quae quas fuga. Quas molestiae explicabo impedit cupiditate.,2022-04-10
137,136,182,1,Assumenda ex veritatis tempora illo alias optio recusandae. Ut ratione consequuntur harum nam tenetur. Nemo numquam fugit molestias quasi.,2024-04-12
138,147,135,3,Tempora architecto veritatis quis modi laudantium. In a incidunt quae reprehenderit. Qui quos perspiciatis nulla. Corrupti omnis numquam magnam fugiat quasi expedita.,2022-02-03
139,33,73,5,Repudiandae quasi aliquam voluptatem corporis. Labore aut doloremque pariatur repellendus officia.,2022-05-08
140,102,17,3,"Aliquid minus incidunt architecto quam. Ab maiores nihil.
Animi fugiat magnam odit enim. Natus sapiente vero repellendus ut. Dolore ad molestias facilis natus quos consequatur.",2022-09-20
141,24,61,2,Doloribus rerum voluptatibus tempore voluptates. Repellendus labore saepe mollitia laudantium. Amet reiciendis assumenda aspernatur rem tenetur neque. Nisi natus sint blanditiis sequi.,2023-12-06
142,131,96,1,Adipisci quaerat vel a sequi. Praesentium placeat deleniti doloribus. Vel cupiditate explicabo error saepe temporibus.,2022-03-21
143,44,71,5,"Nesciunt voluptatem atque vitae. Quaerat sit consectetur beatae ut esse.
Aut officiis dignissimos. Ex impedit reiciendis distinctio rerum illum deleniti. Eligendi labore aut inventore nam iure.",2024-08-18
144,136,120,2,Excepturi ex error alias ipsum soluta delectus. Beatae ut illum enim iste consectetur distinctio. Doloribus in quia illum.,2022-06-02
145,180,76,2,Fugiat eius autem aliquid laborum animi. Omnis nesciunt omnis sunt accusamus debitis dolorum. Omnis hic dolores qui. Esse sed eveniet incidunt.,2023-10-18
146,157,139,4,"Fugit adipisci pariatur totam et. Hic adipisci cupiditate.
Mollitia distinctio consequatur quasi vitae ducimus. Itaque molestias voluptates. Beatae soluta ipsa doloribus perferendis itaque.",2024-08-13
147,142,67,5,Asperiores illo minus optio sequi esse. Sapiente expedita sint voluptatibus ab voluptatum dolore consequatur. Aliquid libero eum amet quam hic dolores.,2022-12-04
148,17,137,3,Facere similique optio iste ratione recusandae animi. Expedita molestias praesentium laboriosam accusantium. Deserunt iste commodi cumque qui.,2022-03-09
149,193,23,4,"Sapiente sint quia incidunt sapiente maiores. In reprehenderit similique.
Recusandae dolor neque ex explicabo. Voluptatem fugit officia magni. Pariatur aliquam a atque enim voluptatum optio.",2021-11-09
150,110,157,5,"Quis officiis voluptas magnam nulla in fugit. Soluta deleniti iure maxime minima autem.
Dolor facere repellendus. Consectetur nesciunt quidem magni suscipit omnis ipsum facilis.",2022-09-20
151,32,85,5,Maxime molestiae architecto impedit. Eos exercitationem dolores ab error culpa aperiam. Sed itaque quis velit eius.,2023-07-25
152,19,7,3,Omnis fugit dolorum animi ullam. Provident maxime hic optio id.,2023-07-27
153,113,68,5,Numquam nobis maiores rem iusto provident. Dolor sit temporibus cumque. Exercitationem dignissimos sequi quaerat dignissimos.,2023-03-24
154,36,181,4,Incidunt sequi placeat ex. Sapiente unde eius suscipit. Temporibus vitae est nam neque unde.,2024-07-31
155,87,129,4,"Ex minus facilis voluptate maiores. Veritatis placeat sequi voluptatibus dolores.
Reprehenderit culpa temporibus eos itaque ducimus.",2021-12-17
156,55,111,4,Quod illum repudiandae voluptatum qui qui nulla. Quibusdam nesciunt amet sed ab nostrum culpa dolorem. Quo iure minus praesentium maiores.,2022-05-03
157,95,2,4,"At possimus odit minus amet. Velit laboriosam porro alias placeat illum praesentium.
Dolore ullam facere illum magni quidem reprehenderit. Illum explicabo doloribus placeat in quo. Unde aliquid vel.",2023-05-03
158,196,182,4,"Nemo ratione maiores saepe nesciunt sint. Incidunt ullam quasi corporis.
Maxime ad iste excepturi tempore. Accusantium eligendi ipsum quod ab reprehenderit. Magnam similique quaerat debitis nesciunt.",2023-10-13
159,117,327,1,Explicabo quam architecto qui tenetur. Pariatur nesciunt distinctio laborum vitae dolorem quam odio. Dolorem commodi maiores veritatis dolores iste quisquam eius.,2023-05-15
160,74,87,4,Fuga quasi rem sunt laudantium explicabo. Labore iusto aliquid aperiam reprehenderit animi quisquam. Est non molestiae omnis commodi doloremque quod aspernatur.,2024-07-26
161,112,113,4,Eius laborum inventore expedita inventore quas maxime. Velit dolore optio assumenda repellat praesentium. Voluptatum accusantium repudiandae voluptatum asperiores consectetur ducimus.,2022-05-29
162,93,396,1,Voluptate asperiores ut dolores. Sequi incidunt quidem sed. Rerum tempora laboriosam at aliquid maxime.,2024-05-05
163,74,388,3,"Ipsa eveniet dolorem facere reprehenderit earum. Atque excepturi culpa dolorem similique ex.
Unde ullam quibusdam numquam officiis quasi. Iure quia quod doloribus odit.",2024-10-01
164,113,190,2,Facere quia reprehenderit molestiae fuga ipsum. Consectetur iste nostrum eligendi iusto corporis tempora. Tempora voluptas ex impedit.,2022-05-13
165,173,158,3,Dicta rerum autem repudiandae neque nam necessitatibus commodi. Dignissimos delectus numquam ratione ratione doloremque.,2024-05-21
166,89,334,5,"Fugiat dignissimos minus dolorem est nulla. Vel eius debitis sint sunt repellat optio consequatur.
Optio libero nesciunt amet odit tenetur dicta. Facilis nisi recusandae libero sit pariatur ipsum.",2021-12-01
167,104,215,3,Illo modi consectetur debitis sint quis. Mollitia facilis autem magnam nobis harum beatae. Iure nisi asperiores magnam veniam.,2022-03-28
168,153,297,1,Provident odio error amet illum ducimus. Deserunt eum eos voluptatem sunt dolorem eligendi. Autem impedit nobis deleniti error hic. Quas porro laboriosam.,2023-08-26
169,75,74,1,"Perferendis quasi pariatur architecto. Necessitatibus adipisci quasi occaecati sint occaecati.
Molestiae quia blanditiis ad aperiam hic. Quis expedita aperiam incidunt.",2024-01-26
170,26,181,5,Eius ipsam modi nam dolor quas velit. Corporis eligendi nostrum iure explicabo fugit vitae.,2023-12-26
171,102,134,1,A error laborum consectetur necessitatibus ab perspiciatis ut. Accusamus molestias reiciendis dolor fuga dicta ut qui.,2022-09-22
172,167,87,5,Earum ullam doloremque impedit. Reiciendis assumenda placeat odit nam esse. In fuga aspernatur accusantium veritatis libero eveniet.,2024-05-10
173,86,217,2,"Facilis unde consequatur doloremque architecto. Iusto repellat deserunt optio. Deleniti nulla reprehenderit aliquam quia consequatur dignissimos suscipit.
Illo maxime cumque voluptates.",2022-06-15
174,45,170,2,Perspiciatis laboriosam saepe ea. Nisi enim dignissimos earum cupiditate ipsum autem. Sapiente cupiditate atque voluptatibus cupiditate.,2023-07-01
175,30,289,1,"Modi ipsum numquam deleniti at.
Ad doloribus unde. Doloribus soluta natus sapiente. Exercitationem aspernatur dignissimos quae nobis ipsam.",2022-06-21
176,29,1,3,Asperiores nisi quis iure error. Odit sed cupiditate non ipsum consectetur. Quisquam reprehenderit praesentium voluptas explicabo molestias eaque.,2023-05-24
177,196,111,4,Ad tempora hic eius neque facilis. Veniam officia similique molestias eaque corrupti. Quis vero ex fugiat repellendus.,2024-06-26
178,31,290,1,Neque nobis corporis neque quos quaerat omnis. Ex quidem alias neque. Esse praesentium consectetur perferendis neque asperiores.,2022-11-28
179,95,149,2,"Quaerat perferendis nulla corrupti. Dolor repellendus et ratione.
Ratione quam illo corrupti beatae cupiditate veniam. Exercitationem a odit nam dolorem hic.",2023-11-30
180,115,78,4,Aut cum molestiae illum accusamus saepe illum. Inventore est perspiciatis exercitationem. Placeat praesentium sit. Quos distinctio cupiditate recusandae.,2024-07-09
181,124,395,3,"Quia libero odit pariatur exercitationem velit eius earum.
Quae dolorum dolorum numquam pariatur ea. Tempora libero corrupti error.",2023-03-01
182,118,325,1,Minus occaecati nostrum quia hic. Alias autem velit sequi. Aliquid hic assumenda eos impedit.,2023-12-13
183,140,12,2,"Officiis quod molestiae autem dolor magni nostrum. Sit inventore eius doloremque iste laudantium quae.
Quis incidunt quos temporibus saepe ut tenetur. A voluptatibus amet.",2023-09-21
184,135,22,1,"Vitae enim eaque consequuntur voluptatem nesciunt nemo accusantium. Autem vel nam debitis exercitationem.
Similique reprehenderit velit quae omnis consectetur. Animi exercitationem doloremque ullam.",2023-10-04
185,128,353,1,"Blanditiis porro laudantium cumque dolores. Numquam nesciunt sint repellendus. Inventore esse velit ducimus esse.
Dolor praesentium exercitationem tempore. Tenetur nesciunt neque voluptate.",2023-05-26
186,101,148,2,Quibusdam porro illo impedit perspiciatis voluptatem fuga magni. Tenetur quasi nobis beatae quod tempora. Optio odit corrupti vel.,2022-02-11
187,105,107,3,Quo nemo culpa sequi omnis excepturi fugiat. Quia magnam nobis praesentium. Magni voluptatum magnam sapiente eum nemo fugit.,2023-05-08
188,55,362,4,Dolor expedita molestias omnis neque ea. Fuga temporibus non quae quis vel molestiae.,2024-05-11
189,72,317,5,Consequatur distinctio sint. Dolores quam odio nesciunt accusantium fuga odio. Architecto itaque nam est dolores inventore.,2022-02-19
190,200,167,4,"Ab doloremque aut sunt corrupti voluptates. Sunt mollitia provident dolor.
Ipsa iste error explicabo minus quasi velit. Iusto aspernatur reiciendis harum.
Vero atque cum.",2022-07-14
191,49,70,3,"Libero asperiores culpa perspiciatis. Saepe impedit in asperiores alias veniam. Magni sunt optio expedita tenetur illum. Autem quaerat nulla modi.
Repudiandae quibusdam praesentium sequi.",2022-03-02
192,149,333,1,Enim alias commodi architecto perspiciatis culpa voluptate. Consequatur eaque et minima.,2022-11-02
193,24,273,4,Itaque suscipit amet labore quos amet impedit. Unde similique mollitia ipsam enim voluptas aspernatur. Similique voluptatibus ipsa aliquid accusamus error facilis.,2021-12-30
194,141,346,1,Similique nemo non illum recusandae laboriosam. Eveniet nobis magni provident cum eaque expedita.,2024-02-13
195,111,55,1,"Necessitatibus incidunt veniam assumenda ratione. Sit deleniti earum.
Recusandae enim adipisci sed. Laborum velit animi nihil consequatur. Quod pariatur iusto quibusdam pariatur.",2022-03-23
196,173,170,5,Cumque ipsum vero repudiandae vitae tempore. Ut libero ad. Temporibus voluptatem dicta vero eligendi.,2024-05-31
197,98,338,2,"Temporibus eveniet illo in. Assumenda aliquid in commodi fuga.
Nulla tenetur fugit quae. Optio optio error tenetur non amet voluptatibus ut. Atque perferendis ab quidem omnis dolorem ad repellat.",2021-12-18
198,122,88,2,Blanditiis laboriosam deleniti. Enim dolor sapiente veniam nesciunt nihil sed. Sint id facilis sit quam ullam necessitatibus.,2024-09-14
199,7,271,3,Animi laboriosam beatae corporis corporis eaque. Sapiente nesciunt qui nostrum aliquam eveniet id. Numquam labore dolorum.,2023-05-18
200,50,328,3,Magni mollitia repudiandae suscipit deserunt sed. Quam cum repudiandae fuga cupiditate illo corrupti. Adipisci alias itaque.,2022-02-04
