1,Agnieszka,Paprotny,przemyslaw90@example.org,512 164 150,Marcel,Paprotny,ada84@example.com,+48 785 329 731,Zakopane,2022-02-01
2,Stanisław,Furga,qszarpak@example.org,536 498 988,Sandra,Furga,xgwara@example.net,+48 22 947 88 13,Bielsko-Biała,2022-01-19
3,Róża,Bujas,krystyna84@example.org,+48 512 110 424,Jędrzej,Bujas,wyrobadaniel@example.net,608 733 815,Inowrocław,2024-06-22
4,Ewelina,Kamieniak,maciejzbiciak@example.org,+48 885 308 795,Blanka,Kamieniak,janiuknataniel@example.net,+48 502 519 936,Rzeszów,2023-11-10
5,Anna Maria,Kuciak,hpalac@example.net,+48 22 672 23 67,Julita,Kuciak,towareksebastian@example.com,+48 797 619 716,Mława,2023-11-02
6,Tymon,Gryga,matraszekapolonia@example.com,739 230 813,Rafał,Gryga,obstdariusz@example.com,507 986 794,Warszawa,2024-02-01
7,Oliwier,Szmuc,skotareknicole@example.com,+48 510 021 099,Janina,Szmuc,jeszkeleonard@example.org,798 448 701,Olsztyn,2024-08-29
8,Ryszard,Parkitna,anastazjagapys@example.com,532 279 967,Kamila,Parkitna,qrezler@example.org,+48 532 698 134,Tarnów,2024-06-29
9,Marcel,Piwowarek,romejkodawid@example.com,573 464 042,Rafał,Piwowarek,pycjulita@example.net,+48 726 474 942,Bolesławiec,2022-12-04
10,Ryszard,Krzeszowiec,malarczykjulianna@example.com,+48 881 121 402,Mariusz,Krzeszowiec,olaf45@example.com,+48 737 301 970,Pszczyna,2023-01-24
11,Jakub,Szumiło,kajapizon@example.com,+48 666 875 656,Michał,Szumiło,soltyseksonia@example.com,22 681 40 63,Ostrołęka,2022-10-04
12,Tola,Piersa,franiatadeusz@example.com,+48 728 638 670,Dorota,Piersa,natan36@example.net,+48 697 724 537,Jawor,2024-07-07
13,Krzysztof,Jarczyk,drwiegablanka@example.net,32 314 67 21,Gabriel,Jarczyk,ewarogula@example.net,720 457 672,Kościerzyna,2024-04-23
14,Gaja,Mizia,dawid45@example.com,+48 694 776 892,Kamil,Mizia,ddrost@example.org,607 033 494,Zduńska Wola,2022-09-03
15,Ada,Piłka,terkajeremi@example.com,796 849 693,Olgierd,Piłka,pokusamelania@example.com,505 560 573,Bartoszyce,2024-09-13
16,Tola,Elias,lampaida@example.org,+48 693 374 943,Maks,Elias,toczkoryszard@example.org,690 394 227,Przemyśl,2023-08-29
17,Konstanty,Świętoń,aszlachcic@example.com,+48 733 104 673,Ewelina,Świętoń,marikakrauz@example.net,+48 881 294 524,Olsztyn,2023-01-11
18,Liwia,Chwalisz,adrianlampa@example.org,726 306 143,Przemysław,Chwalisz,smatulewicz@example.com,22 358 09 55,Czeladź,2023-11-03
19,Angelika,Początek,dzierwablanka@example.net,+48 32 226 04 42,Wiktor,Początek,vwegrzyk@example.net,666 123 615,Racibórz,2023-11-19
20,Tymoteusz,Ratka,franciszekgarczarek@example.com,+48 696 914 897,Fabian,Ratka,wojciechrurarz@example.net,32 593 43 62,Gdynia,2024-02-27
21,Tymoteusz,Ogrodowicz,patrykplaneta@example.com,507 150 538,Sonia,Ogrodowicz,julitadziala@example.net,517 139 781,Oświęcim,2023-03-19
22,Sonia,Magryta,karinakrzykala@example.org,+48 732 848 756,Dariusz,Magryta,kuczakdamian@example.com,513 570 721,Cieszyn,2024-07-05
23,Gustaw,Kuder,szymonprzerwa@example.org,572 532 200,Mikołaj,Kuder,bartelaernest@example.net,608 243 543,Łaziska Górne,2022-06-01
24,Tola,Hermanowicz,ernest78@example.net,32 503 17 80,Marika,Hermanowicz,alan81@example.com,736 856 358,Skarżysko-Kamienna,2023-10-29
25,Kamil,Poczta,adam49@example.org,+48 691 883 795,Ewelina,Poczta,domkajacek@example.net,699 439 311,Zabrze,2024-01-12
26,Marcelina,Kubaczyk,maurycy40@example.net,+48 503 148 027,Alex,Kubaczyk,wderylo@example.net,+48 604 517 181,Poznań,2024-06-07
27,Ksawery,Jonik,julita23@example.org,+48 508 252 124,Eliza,Jonik,ofierek@example.com,793 101 009,Police,2023-04-19
28,Apolonia,Wasilewicz,kozicainga@example.com,577 591 831,Mieszko,Wasilewicz,lusiakliwia@example.org,+48 606 854 094,Chełm,2023-03-29
29,Ryszard,Bubel,kaliciakada@example.com,+48 668 670 508,Tymon,Bubel,witold86@example.net,534 724 795,Kielce,2022-08-09
30,Karol,Pawela,roksana51@example.org,+48 530 331 309,Tymoteusz,Pawela,jeremiaugustynek@example.net,+48 698 073 853,Szczytno,2022-07-14
31,Dominik,Simon,warmuzbruno@example.com,+48 888 253 414,Tadeusz,Simon,ziniewiczsara@example.org,519 909 674,Jaworzno,2023-05-17
32,Nicole,Grabas,olgaandrys@example.org,+48 503 349 558,Alex,Grabas,patryk53@example.net,608 055 406,Głogów,2022-09-14
33,Kalina,Galek,wrembisz@example.com,+48 698 304 289,Patryk,Galek,kordysdaniel@example.net,732 942 332,Chełm,2023-03-01
34,Dariusz,Michel,ydurma@example.com,+48 724 217 998,Dominik,Michel,izurawik@example.com,693 425 115,Kielce,2022-03-10
35,Andrzej,Haponiuk,xkapral@example.org,+48 693 711 897,Adrianna,Haponiuk,urszula58@example.org,+48 608 172 123,Żory,2023-08-30
36,Mieszko,Rorat,gruchotmaks@example.com,507 111 900,Ernest,Rorat,dmajak@example.org,+48 22 598 40 26,Środa Wielkopolska,2022-11-05
37,Sylwia,Lesner,gsapala@example.org,+48 737 975 522,Wojciech,Lesner,aureliabasaj@example.com,+48 661 201 891,Wrocław,2023-05-24
38,Ewelina,Klekot,staporjerzy@example.org,504 692 430,Anita,Klekot,maksymiliankowalowka@example.net,+48 515 325 450,Ząbki,2023-12-11
39,Radosław,Machul,tkoska@example.net,792 683 433,Filip,Machul,siudekwojciech@example.net,+48 698 218 237,Dzierżoniów,2024-04-28
40,Mieszko,Maciejko,oliwier27@example.net,+48 888 429 879,Bartek,Maciejko,skafel@example.net,+48 793 554 894,Ostrowiec Świętokrzyski,2021-12-20
41,Norbert,Gabara,bogusiewiczernest@example.org,785 286 051,Jacek,Gabara,angelika25@example.org,+48 32 576 98 30,Jawor,2023-04-19
42,Witold,Małyszka,jroczniak@example.net,888 021 646,Damian,Małyszka,eliza27@example.org,+48 508 488 170,Tarnów,2024-03-12
43,Liwia,Jeżyk,ignacy61@example.com,22 714 67 33,Hubert,Jeżyk,jgolus@example.net,792 436 172,Czerwionka-Leszczyny,2024-03-14
44,Filip,Fudalej,sperka@example.com,+48 661 106 298,Tobiasz,Fudalej,xwitan@example.net,781 639 619,Tarnów,2023-05-31
45,Kajetan,Więckiewicz,lwiercigroch@example.com,32 219 84 38,Marianna,Więckiewicz,tymoteusztrzos@example.net,691 940 481,Olkusz,2022-09-23
46,Nela,Budkiewicz,tymoteuszkurtyka@example.net,+48 695 881 217,Miłosz,Budkiewicz,gajaholeksa@example.net,+48 32 052 50 65,Krosno,2024-08-19
47,Daniel,Janasz,malwina68@example.com,571 295 459,Grzegorz,Janasz,danielgomula@example.org,+48 511 637 733,Olkusz,2022-05-30
48,Marika,Jakimiak,idajanuszewicz@example.net,796 739 935,Mikołaj,Jakimiak,wstawinoga@example.net,32 957 97 07,Warszawa,2022-07-04
49,Liwia,Dmoch,stanislaw40@example.net,692 640 625,Kacper,Dmoch,banykarina@example.com,+48 798 496 668,Inowrocław,2023-01-21
50,Jeremi,Poczta,rozaprokopczuk@example.net,32 040 14 04,Andrzej,Poczta,kulisjustyna@example.com,+48 668 328 365,Opole,2023-10-24
51,Maciej,Ruszel,krystynaturon@example.com,32 203 53 15,Sara,Ruszel,gillantoni@example.net,663 525 612,Krotoszyn,2022-05-15
52,Krzysztof,Gryta,ystelmasiak@example.org,+48 690 503 705,Damian,Gryta,saragasik@example.net,577 924 840,Mińsk Mazowiecki,2024-09-05
53,Józef,Rozmiarek,mikolajmalcher@example.net,508 484 676,Franciszek,Rozmiarek,jeremiksiezak@example.net,+48 504 990 639,Chełm,2023-04-01
54,Kornelia,Buława,alesiewicz@example.org,+48 665 174 875,Natasza,Buława,hubertlatoszek@example.org,728 879 569,Sopot,2023-04-11
55,Witold,Pioch,pielechtobiasz@example.org,730 884 322,Anastazja,Pioch,blankaksel@example.com,22 575 39 44,Ostrowiec Świętokrzyski,2022-09-20
56,Ewa,Linda,kazimierzkielich@example.org,+48 799 493 928,Marcelina,Linda,jpysz@example.net,577 232 603,Włocławek,2022-03-01
57,Emil,Pawlukiewicz,rhyjek@example.org,+48 608 182 906,Krystian,Pawlukiewicz,gabryszakleon@example.org,+48 780 544 585,Oława,2022-03-23
58,Adrian,Nikołajuk,koperekjerzy@example.com,+48 883 314 409,Monika,Nikołajuk,elejk@example.com,+48 731 730 888,Świnoujście,2023-06-13
59,Sara,Wojtczuk,witoldrejmak@example.org,502 266 314,Liwia,Wojtczuk,ofidler@example.com,607 823 470,Kościerzyna,2022-05-01
60,Olgierd,Pindral,maurycyklisz@example.org,664 977 682,Sara,Pindral,alex87@example.org,+48 732 932 998,Skawina,2023-01-11
61,Ewelina,Chołody,nikodemniedojadlo@example.net,+48 729 602 186,Mikołaj,Chołody,rwaluk@example.org,664 905 542,Kościerzyna,2022-10-26
62,Leon,Abramczuk,gromalanicole@example.org,+48 723 262 690,Miłosz,Abramczuk,gajaczerniec@example.org,889 845 293,Olkusz,2024-05-08
63,Patryk,Orkisz,mieszkokrauza@example.com,570 470 303,Andrzej,Orkisz,cieplaalan@example.net,+48 504 856 683,Kędzierzyn-Koźle,2024-03-27
64,Nikodem,Związek,qklaus@example.net,697 429 805,Ida,Związek,usarekigor@example.org,+48 22 177 81 78,Ruda Śląska,2023-10-15
65,Klara,Kandziora,domkaantoni@example.org,699 701 048,Kamila,Kandziora,kotlarekdaniel@example.net,32 216 90 35,Gdańsk,2021-11-21
66,Kamila,Wardziak,anna-mariabernard@example.com,697 920 668,Damian,Wardziak,plaskotapatryk@example.com,+48 507 341 182,Leszno,2024-01-28
67,Tymoteusz,Powała,fromankiewicz@example.com,+48 727 848 531,Julianna,Powała,natanfrelich@example.net,+48 506 624 918,Piła,2024-01-22
68,Olgierd,Soliwoda,natan16@example.com,795 415 175,Ewelina,Soliwoda,jacekowsiak@example.net,+48 603 306 842,Katowice,2022-11-24
69,Tymoteusz,Łosiewicz,xwasil@example.org,+48 32 097 42 32,Wojciech,Łosiewicz,eliza08@example.net,+48 22 645 13 85,Ostróda,2021-11-08
70,Ewa,Jambor,ida99@example.com,+48 22 241 75 63,Ksawery,Jambor,roksanahanc@example.org,888 460 775,Piaseczno,2023-03-06
71,Urszula,Burdach,wasiljedrzej@example.net,603 932 394,Angelika,Burdach,juliannasadlik@example.org,664 983 034,Marki,2024-04-03
72,Anastazja,Trawka,egolek@example.com,536 824 909,Mieszko,Trawka,aleksgrochola@example.org,+48 886 068 548,Września,2022-06-06
73,Filip,Portka,ruchalagaja@example.net,+48 32 794 70 15,Kajetan,Portka,daniel99@example.com,+48 722 825 203,Inowrocław,2024-02-18
74,Józef,Plebanek,ekowara@example.com,506 241 768,Adrian,Plebanek,nierodaroza@example.com,695 792 498,Dzierżoniów,2023-09-17
75,Sylwia,Graj,ernestwozniak@example.net,32 182 64 10,Mateusz,Graj,ikycia@example.com,+48 881 597 854,Słupsk,2024-09-30
76,Radosław,Czesak,mikolaj35@example.net,+48 531 176 066,Julian,Czesak,klaraswigon@example.net,32 774 52 94,Koszalin,2022-05-26
77,Józef,Galica,adriannapaczos@example.com,+48 22 904 38 17,Ksawery,Galica,jedrzej61@example.com,+48 607 342 387,Cieszyn,2023-07-09
78,Sylwia,Maculewicz,ekonsek@example.org,+48 504 033 171,Igor,Maculewicz,jamaryszard@example.com,+48 694 182 370,Pruszcz Gdański,2023-08-28
79,Tomasz,Orman,bianka33@example.org,731 925 639,Karol,Orman,zniedojadlo@example.com,+48 519 241 492,Pruszków,2024-08-04
80,Agnieszka,Radzewicz,kulonolga@example.net,782 179 799,Leon,Radzewicz,wojtontadeusz@example.org,+48 699 859 038,Poznań,2023-08-14
81,Nicole,Paździora,fjarczak@example.net,505 348 425,Natan,Paździora,roksana40@example.com,+48 506 533 456,Lębork,2023-12-27
82,Przemysław,Delikat,bwardziak@example.org,508 840 823,Damian,Delikat,wegierkajetan@example.com,22 124 25 58,Piastów,2022-05-30
83,Daniel,Rompa,tepermilosz@example.org,+48 669 168 896,Tobiasz,Rompa,rsiwczak@example.net,783 598 965,Grudziądz,2022-07-07
84,Leon,Morek,jozefmakosz@example.com,697 460 647,Julianna,Morek,ptaciak@example.org,+48 723 659 564,Białogard,2022-07-07
85,Kamil,Filus,knyc@example.net,727 599 492,Ignacy,Filus,monika15@example.net,+48 667 870 948,Ostrołęka,2022-05-21
86,Aleksander,Pilich,jakubfogiel@example.org,539 762 816,Wiktor,Pilich,rafalkaralus@example.org,+48 532 899 566,Tczew,2022-01-29
87,Tola,Jaśkowiec,krystian28@example.net,+48 32 885 50 95,Grzegorz,Jaśkowiec,holclukasz@example.com,739 668 247,Zduńska Wola,2022-02-24
88,Kornel,Wołodźko,gajamokwa@example.org,780 834 163,Gustaw,Wołodźko,dominik10@example.org,+48 693 299 386,Pruszków,2024-07-07
89,Konstanty,Bany,iwozimolag@example.com,+48 732 958 633,Miłosz,Bany,tolawiertel@example.org,575 333 253,Pszczyna,2024-04-27
90,Andrzej,Drygas,buzaprzemyslaw@example.org,517 383 844,Kamil,Drygas,drywaigor@example.org,571 259 089,Starogard Gdański,2023-03-04
91,Gaja,Żabka,norbert35@example.org,780 428 084,Sebastian,Żabka,sebastian80@example.org,888 823 711,Świdnica,2024-10-07
92,Oskar,Husak,aleksander77@example.net,32 999 91 88,Wiktor,Husak,cyprian46@example.net,+48 660 533 483,Nysa,2023-05-08
93,Ida,Majorek,jedrzej17@example.net,501 995 965,Ewelina,Majorek,ddziadura@example.com,730 628 999,Legionowo,2022-12-11
94,Melania,Januchta,tsykut@example.org,+48 669 882 350,Natasza,Januchta,natasza43@example.net,22 242 67 42,Kościan,2023-10-15
95,Klara,Ułanowicz,cezarypodgorna@example.org,+48 784 064 053,Mateusz,Ułanowicz,jozefkarkocha@example.org,695 378 931,Ostrów Mazowiecka,2023-10-20
96,Tobiasz,Engler,ydydo@example.com,+48 724 527 831,Jeremi,Engler,ciapakamila@example.org,+48 729 786 127,Środa Wielkopolska,2021-11-12
97,Kalina,Supernak,adriannasiwa@example.org,692 263 691,Tymoteusz,Supernak,aniela71@example.net,+48 734 805 194,Czeladź,2022-03-25
98,Karina,Wójt,wturon@example.org,799 519 733,Józef,Wójt,szymon28@example.org,+48 785 802 956,Nowy Dwór Mazowiecki,2023-08-10
99,Adrian,Bereś,nela84@example.com,886 546 301,Karol,Bereś,skielbowicz@example.net,22 642 81 98,Jarocin,2023-10-21
100,Ksawery,Olszowa,wojtaszakdaniel@example.org,+48 734 317 764,Oskar,Olszowa,grocholakonstanty@example.net,+48 668 130 564,Lubliniec,2024-02-22
101,Cyprian,Bryczek,oliwier11@example.com,793 476 965,Norbert,Bryczek,wkloska@example.org,533 589 138,Gdynia,2023-10-21
102,Hubert,Powązka,tsawko@example.org,604 278 279,Liwia,Powązka,jjozefczak@example.net,32 927 98 55,Chojnice,2024-03-06
103,Albert,Bugiel,spiestrzeniewicz@example.com,+48 605 630 353,Lidia,Bugiel,mrotekagnieszka@example.org,881 460 630,Jelenia Góra,2021-11-29
104,Nicole,Brzęk,milosztroc@example.net,+48 782 250 157,Patryk,Brzęk,szymonsuchora@example.com,787 431 035,Pszczyna,2023-04-14
105,Sylwia,Flaga,iwo46@example.net,+48 516 752 882,Natasza,Flaga,marcelina54@example.net,22 351 98 36,Bielsko-Biała,2023-09-11
106,Nicole,Igras,jan94@example.com,667 009 637,Tadeusz,Igras,pzbik@example.org,602 618 929,Rumia,2022-06-21
107,Piotr,Schubert,dagmararoslon@example.org,733 912 781,Krzysztof,Schubert,matykakajetan@example.com,+48 731 660 067,Wałbrzych,2022-08-19
108,Natasza,Keler,stefan64@example.com,884 243 248,Aleks,Keler,ykuzia@example.com,+48 516 570 945,Augustów,2022-07-09
109,Józef,Tarasek,rafal72@example.com,518 673 884,Eryk,Tarasek,pmueller@example.net,889 678 330,Krotoszyn,2024-03-02
110,Marcin,Bik,gabriel56@example.com,+48 607 635 795,Adam,Bik,rszalas@example.com,796 432 660,Augustów,2022-08-22
111,Anna Maria,Bulak,norbertjambor@example.org,889 639 092,Jan,Bulak,bruno62@example.com,660 114 883,Konin,2021-12-30
112,Stanisław,Sowała,emilmrozowicz@example.com,+48 695 637 304,Juliusz,Sowała,idabudzyn@example.com,799 303 358,Poznań,2022-05-08
113,Kajetan,Danieluk,dkurpisz@example.net,+48 511 111 028,Marcel,Danieluk,damiansapeta@example.net,508 600 125,Ostrołęka,2022-04-01
114,Jan,Smętek,fryderyk59@example.net,784 353 197,Krystian,Smętek,gaja75@example.com,+48 888 926 049,Tczew,2022-11-26
115,Błażej,Dadej,sara34@example.net,882 556 067,Szymon,Dadej,gwindak@example.com,+48 600 437 625,Tczew,2024-03-06
116,Anita,Pazdan,ida32@example.net,+48 32 278 91 47,Natan,Pazdan,damian70@example.com,+48 883 713 057,Wągrowiec,2023-01-09
117,Blanka,Strycharz,dyjaernest@example.net,+48 880 180 964,Marcelina,Strycharz,wkozubal@example.net,579 456 252,Skarżysko-Kamienna,2023-12-30
118,Inga,Ciężka,ida05@example.org,730 290 471,Krystyna,Ciężka,pszklarek@example.net,+48 699 599 873,Zambrów,2023-06-27
119,Aleks,Kudłacik,aurelia22@example.org,+48 32 549 41 42,Piotr,Kudłacik,nelaskowyra@example.net,+48 32 654 34 22,Lubin,2022-02-24
120,Ignacy,Majzner,labajignacy@example.net,722 080 823,Dawid,Majzner,sebastianmatejczuk@example.com,532 492 643,Wyszków,2023-08-31
121,Alan,Samulak,patryk37@example.net,+48 514 918 942,Sonia,Samulak,olgapytko@example.org,505 208 690,Lębork,2023-06-30
122,Angelika,Orman,ekertjeremi@example.org,+48 884 618 774,Maksymilian,Orman,mariuszdacko@example.org,739 934 911,Przemyśl,2022-01-24
123,Krzysztof,Koj,hgladka@example.org,539 128 715,Kamil,Koj,weremczukolga@example.org,22 828 95 11,Starogard Gdański,2024-08-15
124,Adam,Leżoń,wydmuchkrystian@example.com,+48 530 556 798,Nela,Leżoń,danielbrzek@example.net,510 466 818,Wieluń,2023-04-24
125,Olga,Zielke,aleksanderzoladkiewicz@example.net,577 465 522,Eryk,Zielke,hubertloba@example.org,+48 663 349 188,Rybnik,2024-02-17
126,Maurycy,Rezmer,gmakaruk@example.net,+48 793 273 504,Olaf,Rezmer,iwrzesniak@example.com,502 409 790,Goleniów,2024-08-02
127,Mateusz,Ładniak,krzysztof16@example.net,+48 603 105 875,Jan,Ładniak,omaksimowicz@example.net,697 424 621,Białystok,2024-10-10
128,Karol,Szałkiewicz,mnikel@example.com,+48 727 577 601,Aurelia,Szałkiewicz,ciecioraada@example.com,+48 22 202 71 20,Świdnica,2022-09-27
129,Justyna,Klupś,jereczekernest@example.org,889 463 519,Marcelina,Klupś,luszczakaleks@example.net,605 632 226,Ostrów Wielkopolski,2023-05-28
130,Kornel,Gabrych,fabian02@example.org,+48 793 686 507,Krystyna,Gabrych,kulonnela@example.org,885 023 500,Dąbrowa Górnicza,2024-09-01
131,Hubert,Ryczko,szatanikpatryk@example.org,+48 888 683 494,Maurycy,Ryczko,dkapcia@example.org,+48 781 295 156,Nowa Ruda,2024-06-23
132,Kalina,Sass,nluks@example.org,509 045 831,Malwina,Sass,ugospodarek@example.com,+48 662 382 977,Gorzów Wielkopolski,2021-11-04
133,Eryk,Kunka,ikuster@example.net,788 324 107,Mariusz,Kunka,mariannaszlapa@example.com,+48 732 754 448,Szczytno,2021-12-22
134,Dagmara,Bryndza,natasza26@example.com,+48 570 412 062,Nataniel,Bryndza,alan64@example.net,797 545 059,Jaworzno,2023-12-11
135,Tomasz,Kułach,vkubieniec@example.net,+48 738 315 048,Wiktor,Kułach,zpancerz@example.com,+48 781 735 654,Jastrzębie-Zdrój,2023-06-04
136,Urszula,Chlebek,tondermieszko@example.org,+48 694 299 369,Łukasz,Chlebek,blanka81@example.net,+48 732 225 198,Siedlce,2023-06-18
137,Apolonia,Półchłopek,marcelnamysl@example.com,+48 787 306 338,Witold,Półchłopek,dandziak@example.org,32 942 65 11,Września,2022-07-29
138,Fabian,Dziechciarz,marcin13@example.net,535 004 221,Filip,Dziechciarz,dposluszna@example.org,+48 572 742 650,Radom,2022-11-12
139,Arkadiusz,Pyszny,nehringleon@example.net,+48 733 551 867,Nikodem,Pyszny,sstrycharz@example.org,516 494 614,Skierniewice,2023-02-03
140,Melania,Hajdukiewicz,boryskrakowczyk@example.com,793 603 721,Róża,Hajdukiewicz,korneliamiros@example.net,+48 32 811 07 57,Szczytno,2022-02-24
141,Franciszek,Miśko,skotarczaktomasz@example.com,+48 22 748 30 06,Tomasz,Miśko,milosz65@example.org,+48 22 402 66 33,Kraśnik,2024-10-18
142,Justyna,Handzel,maciejkujda@example.net,+48 794 727 526,Maksymilian,Handzel,juliusz95@example.com,+48 22 899 90 78,Koło,2024-02-18
143,Blanka,Buszka,jacekgabryelczyk@example.net,513 096 873,Radosław,Buszka,julianbarej@example.org,579 601 361,Kwidzyn,2023-10-20
144,Bruno,Magryta,vsztuczka@example.net,+48 509 811 208,Jędrzej,Magryta,tzawartka@example.org,+48 32 261 28 41,Szczecin,2024-01-22
145,Daniel,Faryna,trybalaaurelia@example.net,+48 572 958 224,Przemysław,Faryna,adriannadrewnik@example.com,+48 786 791 382,Łódź,2023-09-02
146,Nataniel,Langa,bkorzeniak@example.com,724 239 376,Kamila,Langa,cezary28@example.org,502 384 816,Polkowice,2022-05-21
147,Marcin,Proch,adamsamulak@example.org,730 127 243,Gabriel,Proch,korneliasmolorz@example.org,725 869 423,Wałbrzych,2024-07-14
148,Marcin,Trojanowicz,perczakelzbieta@example.net,693 681 175,Julianna,Trojanowicz,tomamonika@example.org,781 395 060,Tczew,2024-01-27
149,Stanisław,Jaszczyszyn,sadowyhubert@example.com,+48 791 264 232,Tadeusz,Jaszczyszyn,borys91@example.com,+48 22 499 36 34,Ostrów Wielkopolski,2022-07-20
150,Apolonia,Długozima,janiszekdominik@example.net,+48 518 674 823,Alex,Długozima,kazubekklara@example.org,791 126 505,Śrem,2023-01-11
151,Eliza,Jasionek,rfilas@example.net,790 261 358,Kornel,Jasionek,toladytko@example.org,797 184 814,Wałcz,2024-07-25
152,Ernest,Sadowy,oliwier74@example.net,+48 664 672 655,Konrad,Sadowy,korekjeremi@example.com,+48 519 231 974,Kutno,2024-06-13
153,Mikołaj,Dzierwa,kalinapilich@example.net,+48 884 253 555,Mikołaj,Dzierwa,ernest12@example.net,+48 664 411 021,Kłodzko,2023-11-02
154,Cyprian,Pazik,ykozlowicz@example.com,723 707 629,Kajetan,Pazik,psiembab@example.net,693 955 158,Ruda Śląska,2024-09-22
155,Ernest,Bartela,kamila51@example.com,734 176 402,Fabian,Bartela,olga24@example.net,+48 517 083 502,Lębork,2022-05-31
156,Maurycy,Misiuk,wincenciakgrzegorz@example.net,663 522 148,Tymoteusz,Misiuk,wuroda@example.net,792 022 150,Jarosław,2022-04-10
157,Stefan,Kiedrowicz,trokanorbert@example.org,+48 733 461 324,Cyprian,Kiedrowicz,rozumiwo@example.org,22 519 17 67,Stalowa Wola,2022-09-07
158,Marek,Ksel,nicole31@example.com,+48 661 605 187,Mikołaj,Ksel,llesisz@example.org,570 362 082,Malbork,2024-03-04
159,Aleksander,Osica,pastuchaolgierd@example.org,22 893 53 79,Marika,Osica,czesciktadeusz@example.com,784 147 584,Bełchatów,2024-01-18
160,Cyprian,Kolanko,ingacierpisz@example.net,+48 531 594 321,Fabian,Kolanko,powaladominik@example.org,+48 783 278 033,Lubartów,2023-12-28
161,Dawid,Śnieg,arturszumiec@example.net,+48 725 337 493,Sebastian,Śnieg,elzbieta57@example.net,+48 880 032 430,Kościerzyna,2021-12-06
162,Maksymilian,Gumieniak,hawrylakada@example.net,+48 32 325 67 08,Jeremi,Gumieniak,bartekleoniuk@example.org,690 015 697,Lubin,2023-09-02
163,Arkadiusz,Majak,synakrafal@example.net,721 334 046,Sandra,Majak,piotrkosciuszko@example.net,+48 731 543 350,Sochaczew,2024-07-05
164,Krystyna,Eckert,maksymilian84@example.com,+48 537 061 575,Bartek,Eckert,ada06@example.net,+48 724 651 588,Bytom,2023-12-22
165,Tobiasz,Merda,sonia78@example.com,+48 604 938 735,Inga,Merda,kajajoniak@example.org,516 434 055,Pszczyna,2023-07-25
166,Marianna,Hałka,iwo64@example.org,+48 888 184 761,Cyprian,Hałka,jereczekdawid@example.com,32 516 27 57,Bełchatów,2023-12-11
167,Urszula,Noszczyk,oskar70@example.org,695 561 265,Ignacy,Noszczyk,krzysztofpanasiewicz@example.org,887 468 349,Ostróda,2023-08-27
168,Wojciech,Pietraś,jozefstawinoga@example.net,+48 531 149 257,Jacek,Pietraś,wiktor48@example.net,577 457 097,Bielawa,2022-06-12
169,Krystian,Jama,kbejma@example.org,+48 692 737 737,Adrianna,Jama,patryk54@example.com,+48 509 898 557,Turek,2021-12-21
170,Przemysław,Osman,zsmyl@example.org,508 740 474,Bartek,Osman,sylwia29@example.org,+48 796 798 880,Tczew,2022-02-25
171,Wiktor,Panasiewicz,zaniewiczkornel@example.org,22 978 04 61,Krystyna,Panasiewicz,dziurlaida@example.net,602 904 252,Wałbrzych,2022-09-01
172,Alex,Bryda,maciejsojda@example.com,+48 22 266 18 43,Klara,Bryda,leonard76@example.com,+48 787 583 321,Ostrów Mazowiecka,2023-12-23
173,Tola,Fedyk,arturzymelka@example.org,+48 505 684 203,Jerzy,Fedyk,elobacz@example.com,791 815 324,Tczew,2023-03-19
174,Bruno,Siebert,slimakalan@example.org,32 672 59 95,Piotr,Siebert,damian55@example.org,602 696 237,Nowy Targ,2024-10-03
175,Agnieszka,Steckiewicz,flenik@example.org,+48 721 585 301,Bruno,Steckiewicz,xgrycz@example.com,537 378 453,Gorzów Wielkopolski,2022-07-14
176,Kajetan,Giel,ferdmann@example.net,786 910 182,Bartek,Giel,slowiakryszard@example.org,+48 504 651 055,Polkowice,2022-04-19
177,Sara,Faltyn,nfojt@example.com,+48 737 692 275,Rozalia,Faltyn,tomasz91@example.net,609 167 653,Białogard,2023-01-30
178,Patryk,Konrad,adrian55@example.com,+48 797 201 758,Marek,Konrad,agnieszkamosiolek@example.com,+48 511 095 494,Września,2022-04-24
179,Liwia,Kruzel,litewkarozalia@example.net,538 311 169,Sebastian,Kruzel,mwittbrodt@example.com,791 468 524,Cieszyn,2022-03-21
180,Fryderyk,Citko,szajnaborys@example.net,502 723 160,Kornel,Citko,kazimierzmucko@example.net,+48 698 042 187,Mielec,2022-08-30
181,Cezary,Jarosik,cyprian10@example.com,+48 664 705 626,Klara,Jarosik,bobkoblanka@example.com,789 649 041,Piotrków Trybunalski,2022-07-19
182,Jeremi,Olbrych,mrajchel@example.net,+48 727 947 101,Marcelina,Olbrych,filip31@example.net,+48 22 080 56 31,Kłodzko,2023-08-26
183,Iwo,Grzelczyk,rafal28@example.net,507 981 360,Tadeusz,Grzelczyk,ingabehrendt@example.org,+48 880 561 617,Sopot,2024-03-14
184,Kaja,Romańczyk,eliza62@example.com,888 795 510,Melania,Romańczyk,dorota45@example.net,+48 32 191 01 28,Wągrowiec,2023-04-08
185,Aurelia,Kobryń,bochniaaniela@example.org,+48 601 759 538,Roksana,Kobryń,njuraszczyk@example.org,729 367 184,Żary,2022-07-08
186,Artur,Ryczko,tola12@example.net,882 357 077,Marika,Ryczko,welencrobert@example.com,+48 22 539 08 67,Ostróda,2022-10-04
187,Bianka,Steciuk,fbronka@example.org,573 751 950,Fryderyk,Steciuk,niescioraurelia@example.net,+48 796 107 200,Gdynia,2022-10-30
188,Blanka,Ambrozik,vbluszcz@example.net,796 050 026,Fryderyk,Ambrozik,ryszardkryszczuk@example.net,532 749 662,Czeladź,2023-10-05
189,Sylwia,Ziarek,tobiasz91@example.com,22 588 98 87,Przemysław,Ziarek,cziemkiewicz@example.com,+48 693 515 232,Krotoszyn,2022-10-12
190,Konrad,Pyza,stochkrystyna@example.org,699 790 411,Piotr,Pyza,sebastian62@example.org,+48 889 221 456,Otwock,2023-11-11
191,Klara,Hus,leonard71@example.org,+48 514 039 946,Julita,Hus,qkaczmarkiewicz@example.com,515 916 197,Skarżysko-Kamienna,2024-06-04
192,Adam,Hajda,pawel62@example.org,+48 22 695 41 67,Anita,Hajda,walofilip@example.org,+48 790 308 549,Bielsko-Biała,2023-11-15
193,Miłosz,Budrewicz,xchodak@example.com,+48 792 904 170,Gabriel,Budrewicz,klytaemil@example.net,603 557 073,Żyrardów,2024-01-02
194,Ernest,Żach,djedruch@example.com,724 841 480,Inga,Żach,andrzej79@example.net,+48 884 841 678,Sosnowiec,2022-07-19
195,Stefan,Wojciech,brunosuszka@example.org,608 930 632,Lidia,Wojciech,kazimierzorzeszek@example.org,+48 508 937 395,Wodzisław Śląski,2024-04-14
196,Tola,Herda,dagmara98@example.net,578 122 442,Tola,Herda,kacperpasztaleniec@example.net,666 352 869,Zakopane,2022-10-23
197,Mateusz,Jamrożek,marcinjaniszek@example.org,503 349 876,Tymon,Jamrożek,xochal@example.com,+48 667 320 273,Reda,2023-03-04
198,Jakub,Mudlaff,tobiaszsieradzan@example.org,+48 660 668 969,Józef,Mudlaff,kornel18@example.org,+48 22 523 98 12,Bochnia,2023-07-24
199,Borys,Panasewicz,gryskornelia@example.net,884 290 297,Melania,Panasewicz,fiedlerjan@example.net,578 091 640,Jaworzno,2022-03-22
200,Lidia,Kocoł,januszkomarcel@example.net,572 923 441,Aniela,Kocoł,kuropatwajozef@example.net,+48 535 535 478,Ząbki,2024-07-03
