1,Nikodem,Hampel,nieckoradoslaw@example.org,+48 601 513 670,Filip,Hampel,nwylupek@example.net,22 439 32 64,Goleniów,2022-10-10
2,Malwina,Gronkiewicz,wocialsara@example.com,781 217 573,Stefan,Gronkiewicz,eliza17@example.org,795 653 778,Wołomin,2022-12-13
3,Jakub,Mętel,ernest61@example.org,+48 791 581 500,Konstanty,Mętel,kupstadeusz@example.com,32 978 91 37,Kalisz,2024-11-30
4,Ernest,Iskierka,pierzakapolonia@example.com,575 873 262,Ada,Iskierka,xheleniak@example.org,+48 517 238 902,Dębica,2024-10-01
5,Fabian,Materka,damiankrauz@example.net,722 632 312,Aleksander,Materka,dwarmuz@example.org,+48 792 414 113,Gliwice,2022-05-19
6,Natasza,Karmelita,tymon32@example.net,535 134 305,Alan,Karmelita,vkamyk@example.net,500 141 305,Otwock,2023-01-06
7,Andrzej,Wardziak,maurycybarankiewicz@example.net,788 466 217,Marianna,Wardziak,monika66@example.com,601 635 893,Słupsk,2022-04-10
8,Michał,Trepczyk,palakjulian@example.com,+48 723 519 755,Krystyna,Trepczyk,ygabryel@example.net,+48 574 315 078,Żyrardów,2022-11-06
9,Ksawery,Opas,brunogrubba@example.org,32 357 24 76,Janina,Opas,jedraszekmaksymilian@example.com,+48 883 307 286,Rzeszów,2021-12-18
10,Róża,Pogorzelec,jmiasko@example.org,788 700 225,Nicole,Pogorzelec,ewakruzel@example.com,790 290 888,Brodnica,2023-09-26
11,Marcin,Saj,sypienkalina@example.com,+48 531 962 822,Konstanty,Saj,monikagryga@example.org,600 113 463,Wieluń,2023-08-22
12,Fabian,Dyrek,marcin93@example.net,+48 729 449 623,Dominik,Dyrek,pkasper@example.net,+48 795 858 442,Krotoszyn,2023-12-13
13,Alex,Mich,motakleon@example.net,+48 519 103 426,Sara,Mich,xtworzydlo@example.org,530 762 007,Nowy Dwór Mazowiecki,2023-03-06
14,Miłosz,Jędruch,awasala@example.net,+48 660 551 846,Dagmara,Jędruch,kacper18@example.com,782 661 515,Bielsko-Biała,2022-11-18
15,Damian,Kielczyk,wfolga@example.net,+48 574 635 335,Kornelia,Kielczyk,tklejna@example.net,+48 507 508 834,Reda,2024-10-15
16,Arkadiusz,Borak,kononowiczjerzy@example.net,+48 880 525 559,Dorota,Borak,hsolek@example.com,663 519 731,Grodzisk Mazowiecki,2023-06-24
17,Kajetan,Glazik,ciakcyprian@example.com,518 230 540,Szymon,Glazik,drobotewelina@example.com,+48 886 930 021,Szczecinek,2023-07-04
18,Ksawery,Paleń,jberg@example.org,22 785 06 16,Olaf,Paleń,marcin93@example.com,735 524 931,Świdnica,2022-01-30
19,Monika,Smyl,malwinaludwik@example.net,+48 727 386 573,Antoni,Smyl,tadeusz25@example.org,+48 515 359 075,Zambrów,2024-01-11
20,Marika,Pietrewicz,marcinruchala@example.com,537 505 970,Kajetan,Pietrewicz,jan60@example.net,786 958 770,Ełk,2024-01-17
21,Nikodem,Hyży,igorrychcik@example.net,+48 669 338 339,Kaja,Hyży,stefankopciuch@example.net,+48 513 686 920,Zakopane,2023-02-23
22,Róża,Mikołajewicz,dlabudda@example.org,+48 539 322 862,Miłosz,Mikołajewicz,lmich@example.net,504 921 391,Kluczbork,2024-11-17
23,Maks,Przewłoka,matyjaszekborys@example.com,539 121 520,Mikołaj,Przewłoka,domonborys@example.net,798 298 500,Gorlice,2022-07-25
24,Monika,Pośnik,zwdowczyk@example.org,+48 515 115 889,Janina,Pośnik,zrajczak@example.com,22 503 33 10,Bochnia,2022-06-17
25,Bianka,Łukowicz,janinaburza@example.org,797 001 720,Janina,Łukowicz,gabrieltylec@example.com,+48 574 743 292,Zakopane,2023-08-19
26,Konstanty,Podkowa,tuzimekleonard@example.org,+48 537 392 218,Witold,Podkowa,onarozna@example.org,691 593 438,Swarzędz,2024-09-29
27,Kamila,Chojna,fcwierz@example.org,+48 885 230 769,Ksawery,Chojna,wojciech75@example.com,+48 22 542 12 32,Nowa Sól,2022-05-14
28,Gustaw,Pietraszkiewicz,roksanaboguta@example.org,882 076 441,Jędrzej,Pietraszkiewicz,maksbudrewicz@example.com,+48 32 414 69 76,Chorzów,2023-02-07
29,Mikołaj,Dziuda,drejida@example.com,+48 880 025 434,Dagmara,Dziuda,ryszard93@example.net,601 929 842,Gdynia,2022-12-13
30,Kacper,Prygiel,usajewicz@example.com,698 700 927,Olga,Prygiel,ewastrzala@example.org,+48 574 375 476,Kraśnik,2024-01-21
31,Witold,Kajdan,danielukjerzy@example.com,+48 505 933 356,Lidia,Kajdan,ddubel@example.net,694 427 182,Bartoszyce,2024-08-21
32,Damian,Wrześniak,angelikagruza@example.com,+48 885 797 447,Wojciech,Wrześniak,upusz@example.com,694 720 363,Śrem,2024-08-29
33,Julian,Karwala,tymoteusz16@example.org,881 571 759,Artur,Karwala,sebastianbochnia@example.net,+48 505 402 388,Starogard Gdański,2023-04-10
34,Cyprian,Grubba,iwojajko@example.com,514 928 963,Monika,Grubba,aleksander22@example.com,22 235 96 35,Oleśnica,2023-02-21
35,Inga,Słonka,pogorzelectymon@example.org,534 519 471,Borys,Słonka,marika07@example.net,739 020 880,Łuków,2022-02-18
36,Adam,Nyc,olgafraczkiewicz@example.org,692 044 370,Artur,Nyc,kornelkopyto@example.net,22 370 93 33,Mielec,2023-08-22
37,Iwo,Gral,iprzybys@example.net,660 947 537,Tomasz,Gral,jakubforemniak@example.org,604 015 949,Radom,2024-02-29
38,Dawid,Hamrol,lukowicznataniel@example.com,780 361 306,Julian,Hamrol,ryszkiewiczanna-maria@example.org,+48 781 677 819,Skierniewice,2024-04-21
39,Łukasz,Ceran,ckutnik@example.org,511 929 125,Emil,Ceran,tymonzbrozek@example.com,+48 32 383 65 05,Marki,2024-02-02
40,Karol,Szywała,angelika09@example.org,+48 695 238 413,Fabian,Szywała,kniazanna-maria@example.net,+48 797 106 330,Słupsk,2024-05-17
41,Rafał,Lelito,kornelia94@example.net,+48 795 339 488,Marcel,Lelito,albert95@example.net,+48 507 603 213,Jaworzno,2024-02-16
42,Wojciech,Orkisz,sebastian05@example.com,511 117 828,Nicole,Orkisz,antoniczochara@example.net,530 652 472,Kluczbork,2022-08-05
43,Juliusz,Gromala,egolan@example.net,722 769 457,Fryderyk,Gromala,hubertbartman@example.org,795 973 803,Bartoszyce,2023-08-22
44,Piotr,Sztaba,lukaszwitka@example.org,669 869 524,Patryk,Sztaba,ikniec@example.net,22 235 35 78,Koło,2022-05-31
45,Kalina,Syldatk,dorotakazberuk@example.org,888 182 596,Jacek,Syldatk,cmaly@example.com,+48 699 173 212,Zabrze,2024-02-25
46,Kazimierz,Hamerla,piegzamikolaj@example.com,729 054 901,Jan,Hamerla,iwanczykangelika@example.net,738 335 061,Iława,2023-11-12
47,Rozalia,Nesterowicz,sandragospodarek@example.com,+48 607 025 333,Rozalia,Nesterowicz,tstarek@example.net,+48 738 665 476,Będzin,2023-01-28
48,Radosław,Drynda,dzidekmelania@example.com,+48 502 914 271,Piotr,Drynda,dorotakieca@example.org,+48 796 620 425,Ząbki,2023-06-07
49,Albert,Trochimiuk,idapryk@example.com,+48 513 076 964,Janina,Trochimiuk,wiktor63@example.org,+48 789 123 371,Czerwionka-Leszczyny,2024-10-06
50,Ernest,Monkiewicz,ernest98@example.org,504 132 753,Inga,Monkiewicz,abodzak@example.org,694 184 790,Oława,2023-06-27
51,Gabriel,Bereś,ingapietrewicz@example.com,+48 783 043 678,Oskar,Bereś,fryderykkukuczka@example.com,+48 532 298 418,Wodzisław Śląski,2023-06-11
52,Konrad,Kryszkiewicz,alantylus@example.net,32 025 89 99,Lidia,Kryszkiewicz,vhojka@example.org,508 401 658,Gliwice,2023-04-10
53,Kajetan,Kucharzyk,klosiewiczanastazja@example.org,22 438 33 79,Mikołaj,Kucharzyk,ysycz@example.com,32 946 41 15,Lębork,2024-04-09
54,Iwo,Skrobot,rozalia21@example.org,+48 530 723 239,Blanka,Skrobot,jakub48@example.com,782 078 333,Tarnowskie Góry,2022-11-15
55,Olaf,Chołody,vdebniak@example.com,+48 739 174 847,Tomasz,Chołody,wojewodkamarika@example.com,665 469 456,Zawiercie,2023-02-18
56,Ada,Drabczyk,marianna75@example.com,660 554 421,Dawid,Drabczyk,witoldlalak@example.org,+48 516 504 438,Zambrów,2023-10-07
57,Bianka,Kozdrój,elizasypien@example.net,+48 577 243 633,Kajetan,Kozdrój,lapotalan@example.net,787 471 146,Gorlice,2024-01-11
58,Gaja,Kalka,jakubchomiak@example.net,694 204 039,Ksawery,Kalka,natan08@example.org,574 718 887,Dzierżoniów,2023-01-07
59,Leon,Maślankiewicz,maks18@example.net,+48 781 046 329,Radosław,Maślankiewicz,brankaolga@example.com,608 177 671,Kościerzyna,2022-07-28
60,Cezary,Tymczyszyn,alekszagrodnik@example.org,+48 608 971 855,Tadeusz,Tymczyszyn,drgaskornel@example.net,+48 516 805 206,Pruszcz Gdański,2024-08-16
61,Dagmara,Łapacz,maciejjarkiewicz@example.com,577 920 759,Marcin,Łapacz,natanladziak@example.com,788 820 835,Chorzów,2024-09-12
62,Roksana,Kiełek,vkrystkowiak@example.com,506 350 261,Olaf,Kiełek,nrajch@example.com,+48 734 638 674,Mińsk Mazowiecki,2023-03-16
63,Arkadiusz,Bazylewicz,delikatrobert@example.net,+48 607 413 694,Malwina,Bazylewicz,wzontek@example.com,669 459 141,Starogard Gdański,2023-08-01
64,Kazimierz,Jałowiec,majerczykmikolaj@example.org,+48 882 533 588,Janina,Jałowiec,szymon33@example.com,662 142 639,Kościan,2023-04-10
65,Jakub,Penar,koczydaniel@example.com,797 794 160,Melania,Penar,stanislaw46@example.org,32 562 01 12,Sandomierz,2022-03-21
66,Natan,Kwapień,bogusiewiczkornelia@example.com,516 091 938,Tadeusz,Kwapień,damian21@example.com,+48 692 415 679,Świebodzice,2023-07-28
67,Aleks,Głuszko,dziadowiczernest@example.org,608 458 148,Angelika,Głuszko,nholysz@example.net,698 757 996,Zduńska Wola,2024-01-31
68,Antoni,Wiaderek,bzdziuchmarcin@example.org,+48 695 493 085,Alan,Wiaderek,pucdominik@example.com,+48 789 688 148,Czechowice-Dziedzice,2021-12-23
69,Urszula,Langa,bkomisarczyk@example.org,739 329 520,Maksymilian,Langa,xmitera@example.net,22 266 54 08,Chojnice,2022-05-21
70,Leon,Nieścioruk,andrzej36@example.net,530 946 202,Gustaw,Nieścioruk,kurtykaaleksander@example.org,572 285 486,Rybnik,2022-08-18
71,Gabriel,Beck,aszczerek@example.com,727 220 426,Dagmara,Beck,robertkujawiak@example.com,+48 32 843 92 75,Koszalin,2022-05-26
72,Kamil,Kukier,tola59@example.org,514 406 753,Konrad,Kukier,ipogorzelec@example.net,531 311 584,Pszczyna,2023-04-24
73,Aleksander,Kasak,zmarzlyblanka@example.org,605 105 210,Wojciech,Kasak,polchlopekinga@example.net,+48 32 740 26 36,Bełchatów,2023-04-12
74,Leon,Uryga,tadeusz27@example.com,663 200 560,Adrianna,Uryga,milosz04@example.net,+48 698 883 814,Myszków,2024-02-29
75,Melania,Fijoł,michalrzezniczak@example.com,+48 727 880 123,Mikołaj,Fijoł,witoldsalomon@example.net,+48 515 780 844,Skarżysko-Kamienna,2023-10-01
76,Jeremi,Huber,anita07@example.com,+48 518 375 452,Olaf,Huber,adacierpka@example.org,664 808 154,Września,2022-05-01
77,Sara,Gwardiak,taraseklukasz@example.net,+48 578 174 614,Karina,Gwardiak,bianka42@example.net,+48 791 916 985,Żagań,2023-10-12
78,Rozalia,Szczot,smylkacper@example.net,+48 515 396 762,Patryk,Szczot,eryczko@example.org,536 069 040,Krotoszyn,2023-02-10
79,Urszula,Kopa,piotr07@example.com,508 639 506,Aniela,Kopa,jerzy28@example.org,32 504 85 74,Środa Wielkopolska,2024-01-09
80,Nela,Minta,pawel74@example.com,699 408 102,Stanisław,Minta,ingazuchowicz@example.net,+48 510 400 510,Wieluń,2023-03-22
81,Nikodem,Winek,taciakdominik@example.org,578 729 180,Gabriel,Winek,natasza78@example.com,+48 882 619 400,Wołomin,2023-02-10
82,Jan,Kuliberda,sylwiamironczuk@example.org,699 616 237,Karol,Kuliberda,kajetannijak@example.org,+48 602 688 481,Kędzierzyn-Koźle,2021-12-25
83,Gustaw,Gajdzik,krystyna89@example.org,+48 723 749 417,Dorota,Gajdzik,jaskajetan@example.org,536 714 132,Łomża,2023-09-20
84,Miłosz,Ludwik,ksawerytatarek@example.net,+48 699 598 282,Michał,Ludwik,sapetamonika@example.net,+48 732 236 266,Bielawa,2024-02-06
85,Justyna,Trąbka,ignacykalwa@example.net,+48 32 938 50 38,Konstanty,Trąbka,roksanafedyk@example.org,+48 885 309 194,Grudziądz,2022-05-13
86,Tadeusz,Welc,dariusz28@example.net,885 559 323,Marcel,Welc,mariannamytych@example.net,533 943 328,Oleśnica,2024-05-21
87,Eryk,Matura,wakulaangelika@example.net,+48 535 312 604,Tadeusz,Matura,mkurzak@example.net,662 979 206,Płock,2024-01-10
88,Ernest,Gołek,robert55@example.net,726 821 333,Karol,Gołek,nzaucha@example.org,+48 579 517 549,Kalisz,2024-12-12
89,Agnieszka,Buszka,twieja@example.org,533 522 521,Karina,Buszka,qpowalka@example.com,22 734 94 15,Mińsk Mazowiecki,2024-06-26
90,Sebastian,Dzieża,lukasz02@example.net,+48 519 785 797,Adam,Dzieża,fglanc@example.com,22 584 25 41,Dąbrowa Górnicza,2024-04-08
91,Natan,Duczek,marcelstachewicz@example.com,722 221 749,Roksana,Duczek,korneliakalarus@example.org,+48 781 642 433,Katowice,2023-03-26
92,Ada,Kołaczek,kupajnataniel@example.com,+48 32 471 39 03,Konstanty,Kołaczek,liwiamichalkiewicz@example.org,+48 734 116 436,Pszczyna,2023-02-14
93,Tobiasz,Madura,npiotrowiak@example.net,888 631 605,Sebastian,Madura,cezarykornet@example.com,513 146 026,Ostrowiec Świętokrzyski,2022-03-12
94,Alan,Szwaj,nataszadoroz@example.com,738 189 856,Anita,Szwaj,anna-mariajaniga@example.org,+48 607 092 774,Radomsko,2023-07-20
95,Albert,Perlik,aniela71@example.org,32 475 84 78,Aurelia,Perlik,ziolaadrianna@example.net,+48 32 859 48 54,Turek,2021-12-29
96,Nicole,Obst,ida34@example.org,570 643 151,Robert,Obst,brodawkakrystian@example.net,783 754 728,Wałcz,2023-11-22
97,Dorota,Józwik,fkrzempek@example.org,887 076 354,Elżbieta,Józwik,julianandrukiewicz@example.org,+48 730 387 993,Cieszyn,2023-11-28
98,Cyprian,Misiuk,jerzy87@example.net,+48 579 873 521,Anna Maria,Misiuk,ujaszczur@example.com,+48 501 095 174,Iława,2023-01-22
99,Witold,Idzi,delektamaurycy@example.com,+48 22 233 45 96,Malwina,Idzi,aleksander42@example.net,609 657 171,Opole,2023-07-20
100,Przemysław,Sklorz,kubiszjeremi@example.com,+48 573 271 413,Alex,Sklorz,duszkiewicznatasza@example.com,+48 668 269 108,Kościan,2022-05-07
101,Oskar,Bogumił,cezary27@example.net,+48 664 529 683,Kazimierz,Bogumił,xtylka@example.net,691 885 277,Głogów,2023-11-18
102,Mikołaj,Tomaszkiewicz,kaczmarkiewicznatan@example.net,690 412 635,Apolonia,Tomaszkiewicz,hbeker@example.org,+48 536 966 612,Chojnice,2024-03-31
103,Oliwier,Wincenciak,xfura@example.org,32 894 68 31,Ada,Wincenciak,towarekgustaw@example.com,+48 880 836 268,Gniezno,2023-01-19
104,Norbert,Bodzak,albert63@example.org,796 964 840,Gabriel,Bodzak,urszulafitas@example.org,+48 729 077 957,Bełchatów,2022-03-08
105,Olgierd,Ambrozik,roza86@example.net,733 344 057,Witold,Ambrozik,kiedrowiczkajetan@example.com,721 710 933,Zakopane,2022-01-31
106,Antoni,Ślęczka,albert99@example.net,669 956 637,Karina,Ślęczka,makulecmilosz@example.org,+48 887 429 977,Sanok,2023-12-28
107,Dominik,Boś,ambroziknikodem@example.com,788 392 126,Klara,Boś,mikodacezary@example.org,+48 668 448 135,Skawina,2023-05-24
108,Leon,Kiełbowicz,bianka67@example.org,535 326 892,Paweł,Kiełbowicz,elizafidler@example.org,+48 531 360 995,Łowicz,2024-03-09
109,Kamil,Watras,szablatadeusz@example.net,+48 788 718 703,Przemysław,Watras,ewa98@example.net,733 563 106,Wrocław,2024-02-14
110,Juliusz,Grab,vwysota@example.net,+48 600 948 112,Fabian,Grab,anastazjanastaly@example.com,22 152 64 13,Iława,2024-05-05
111,Witold,Henke,jansmutek@example.net,791 498 954,Rozalia,Henke,trawkaernest@example.com,32 202 54 51,Ełk,2024-10-10
112,Lidia,Zdancewicz,borucnela@example.com,794 066 987,Kacper,Zdancewicz,aleksanderprokopiak@example.org,784 251 306,Bolesławiec,2022-09-27
113,Karol,Trznadel,elizachochol@example.net,+48 724 070 250,Krystian,Trznadel,dagmara81@example.org,794 601 672,Zielona Góra,2023-12-29
114,Nela,Majos,radoslaw19@example.com,+48 721 723 747,Róża,Majos,lorensbartek@example.com,+48 885 350 059,Kalisz,2023-05-23
115,Ksawery,Mikusek,agnieszkaprokopczuk@example.org,+48 663 641 377,Blanka,Mikusek,tadeuszmalisz@example.com,+48 733 246 912,Ostrów Wielkopolski,2022-05-05
116,Róża,Strzała,kwarciakmaciej@example.net,+48 662 040 140,Kamil,Strzała,rafalzolna@example.org,+48 696 942 253,Starogard Gdański,2024-05-25
117,Mikołaj,Szmalec,azaranek@example.com,570 416 387,Radosław,Szmalec,grzegorzziegert@example.net,+48 666 252 170,Szczecin,2023-10-30
118,Ewa,Czerner,krystian26@example.net,+48 738 569 470,Ida,Czerner,ualeksander@example.org,22 641 45 72,Kętrzyn,2022-03-14
119,Anita,Wojniak,serwachmilosz@example.org,+48 887 689 449,Elżbieta,Wojniak,filip37@example.com,530 157 038,Pruszcz Gdański,2024-04-18
120,Inga,Rezmer,npolicht@example.org,888 613 485,Aniela,Rezmer,marika55@example.net,+48 799 865 163,Ostrołęka,2023-08-17
121,Aleks,Pacocha,zgolaklara@example.org,699 082 945,Marika,Pacocha,klara24@example.com,+48 698 458 079,Ełk,2024-07-08
122,Grzegorz,Piejko,lgrosz@example.com,+48 797 346 524,Stefan,Piejko,anastazja75@example.com,530 948 458,Sieradz,2024-10-19
123,Anna Maria,Cofała,jakubbartoszak@example.net,+48 732 725 979,Nikodem,Cofała,maks97@example.org,731 797 423,Konin,2024-04-28
124,Janina,Kastelik,cezary54@example.org,574 357 065,Aurelia,Kastelik,kajetankubisz@example.com,605 334 727,Ostrołęka,2023-12-25
125,Daniel,Zięcik,adrian32@example.com,+48 537 767 095,Olga,Zięcik,scieszkakonrad@example.com,+48 695 580 652,Kłodzko,2022-04-17
126,Aleksander,Jargiło,anielawojtys@example.org,+48 736 755 754,Marcel,Jargiło,leondylak@example.org,+48 531 625 119,Siedlce,2022-06-02
127,Blanka,Gawłowicz,marcelinaburchardt@example.org,886 691 818,Maciej,Gawłowicz,olgierd63@example.net,+48 538 398 395,Kłodzko,2023-02-01
128,Przemysław,Skałka,nickelmarek@example.net,+48 784 490 121,Stefan,Skałka,malwinabernatowicz@example.org,+48 22 333 20 48,Słupsk,2024-03-05
129,Grzegorz,Majzner,burdachtola@example.net,+48 663 084 852,Ada,Majzner,prokopczukdaniel@example.org,735 532 130,Środa Wielkopolska,2022-03-26
130,Dawid,Bartkowicz,natasza56@example.net,+48 730 504 189,Blanka,Bartkowicz,urszula52@example.com,669 807 666,Ruda Śląska,2022-10-19
131,Jakub,Imiołczyk,sylwiaswierkosz@example.org,665 760 315,Klara,Imiołczyk,grzegorz44@example.com,32 900 49 13,Żyrardów,2022-02-12
132,Konrad,Sibiga,amilcarz@example.com,798 645 635,Daniel,Sibiga,vdyrek@example.net,+48 664 324 774,Kłodzko,2023-04-12
133,Miłosz,Odrzywołek,rpiorek@example.org,+48 669 181 890,Borys,Odrzywołek,dabalkonrad@example.com,+48 889 592 911,Lubliniec,2024-09-24
134,Ernest,Wójcikiewicz,umatusewicz@example.net,+48 603 792 065,Urszula,Wójcikiewicz,fksiezak@example.net,22 542 74 61,Przemyśl,2024-08-07
135,Daniel,Starzak,kajetanludwik@example.net,799 986 551,Grzegorz,Starzak,aleksander21@example.com,738 862 622,Mielec,2022-01-08
136,Krystian,Pędrak,angelika16@example.com,32 845 31 88,Ksawery,Pędrak,adrej@example.org,+48 882 098 205,Słupsk,2021-12-19
137,Sylwia,Skup,jedrzej03@example.com,+48 782 512 754,Wojciech,Skup,sonia33@example.org,+48 606 864 458,Polkowice,2024-02-08
138,Melania,Parda,ikurtyka@example.org,22 762 84 69,Gaja,Parda,aleksandermikolaj@example.com,+48 791 528 201,Łaziska Górne,2024-06-05
139,Szymon,Fularczyk,xwojtaszczyk@example.net,+48 510 717 432,Lidia,Fularczyk,julianna17@example.com,+48 786 656 387,Żagań,2023-12-20
140,Gaja,Lorenz,lojkrzysztof@example.com,+48 734 777 836,Damian,Lorenz,roza30@example.com,+48 884 682 498,Skierniewice,2023-11-08
141,Nela,Kujda,krzysztofniescioruk@example.com,+48 793 594 992,Kajetan,Kujda,ikarpeta@example.net,+48 666 250 335,Swarzędz,2024-08-02
142,Apolonia,Leżoń,anastazja50@example.org,880 093 084,Mariusz,Leżoń,awac@example.org,+48 22 092 82 73,Nysa,2024-03-31
143,Ryszard,Garczyk,jakub36@example.org,725 089 055,Krystyna,Garczyk,rkulis@example.org,+48 32 808 45 50,Będzin,2023-01-30
144,Emil,Minta,patrykgiers@example.org,+48 780 745 222,Kalina,Minta,nicole26@example.net,504 081 913,Zgorzelec,2022-08-19
145,Róża,Pogorzelec,vtomaszczyk@example.com,+48 698 738 827,Ewa,Pogorzelec,fryderykwudarczyk@example.org,+48 517 020 704,Bartoszyce,2022-04-22
146,Tadeusz,Roś,alatek@example.org,+48 798 298 343,Mateusz,Roś,mieszko73@example.org,885 228 698,Marki,2024-09-05
147,Leon,Szymanik,nbrejnak@example.org,780 636 867,Józef,Szymanik,joniaksandra@example.com,730 137 435,Jarocin,2022-08-31
148,Gaja,Janke,krystyna68@example.com,795 707 199,Łukasz,Janke,ada47@example.net,22 931 75 90,Lubin,2022-04-13
149,Ada,Starościak,lukaszlisik@example.com,+48 575 064 443,Julian,Starościak,mariuszfras@example.org,519 708 190,Malbork,2022-04-15
150,Antoni,Kwoka,westfalwitold@example.com,+48 731 315 872,Radosław,Kwoka,dsiekierka@example.net,607 931 329,Chorzów,2023-01-11
151,Krystian,Rozmiarek,adam66@example.org,+48 535 026 224,Mariusz,Rozmiarek,aleksander94@example.net,+48 666 751 836,Gorzów Wielkopolski,2024-11-24
152,Szymon,Jarka,fmigda@example.org,698 375 767,Ewelina,Jarka,norbert94@example.org,726 537 841,Ostrołęka,2022-07-24
153,Janina,Ćmiel,mikolajkolanko@example.com,732 924 822,Tadeusz,Ćmiel,tadeuszkuczaj@example.com,695 196 525,Stalowa Wola,2023-01-25
154,Inga,Smolorz,radoslawsereda@example.org,+48 723 298 125,Jacek,Smolorz,kajetansadlak@example.net,533 675 028,Częstochowa,2024-11-18
155,Julian,Wiszowaty,inga30@example.net,+48 604 107 947,Melania,Wiszowaty,szumnaolgierd@example.net,+48 699 104 252,Żary,2023-09-23
156,Eryk,Wawszczyk,tobiasz73@example.net,+48 722 937 408,Antoni,Wawszczyk,monikarezler@example.com,665 497 994,Inowrocław,2022-09-01
157,Maksymilian,Wojcik,oskarkadela@example.org,699 477 181,Roksana,Wojcik,nela16@example.org,500 106 741,Przemyśl,2021-12-27
158,Monika,Trybała,fopas@example.net,609 533 315,Patryk,Trybała,ysapala@example.com,609 432 586,Malbork,2024-05-09
159,Kazimierz,Doktór,mikolajpiatkiewicz@example.net,+48 791 726 999,Blanka,Doktór,gbela@example.com,501 839 470,Oświęcim,2024-01-01
160,Olaf,Szyda,csamoraj@example.net,+48 605 026 999,Ewelina,Szyda,vdzienisz@example.net,883 202 274,Kraśnik,2023-10-20
161,Marcel,Zięciak,macczakgaja@example.net,+48 720 439 945,Tobiasz,Zięciak,cyprian13@example.net,886 085 752,Stalowa Wola,2021-12-18
162,Sylwia,Pyda,dagmarakomisarczyk@example.com,537 620 229,Filip,Pyda,julitapasciak@example.net,782 844 332,Lubartów,2024-08-03
163,Sonia,Gabryelczyk,naglikkrzysztof@example.net,+48 576 246 631,Ksawery,Gabryelczyk,kornel28@example.net,+48 736 060 607,Żory,2023-03-01
164,Rozalia,Lesiewicz,butrymnorbert@example.com,502 720 377,Oskar,Lesiewicz,rreichel@example.com,721 955 920,Lubin,2024-11-22
165,Jędrzej,Szpara,zgasek@example.org,+48 534 182 415,Klara,Szpara,rozmiarekdamian@example.com,+48 799 912 468,Wejherowo,2022-12-18
166,Justyna,Szajda,xwawrzynowicz@example.net,789 247 379,Jacek,Szajda,adam34@example.net,+48 799 324 271,Ostrołęka,2024-05-04
167,Anita,Gumuła,jakimiakmaurycy@example.com,+48 22 386 53 32,Sebastian,Gumuła,vmaruszczyk@example.net,+48 690 228 749,Police,2021-12-31
168,Sylwia,Bartuś,olgierd29@example.org,784 546 654,Cezary,Bartuś,dominiktrzos@example.com,+48 727 794 842,Dębica,2022-02-26
169,Damian,Cieciora,feliksiakeliza@example.com,+48 726 400 016,Stefan,Cieciora,ryszard74@example.org,666 480 423,Płońsk,2024-06-26
170,Borys,Kontny,natan53@example.com,+48 22 458 32 25,Fabian,Kontny,kubonnicole@example.net,660 575 756,Łowicz,2024-11-19
171,Dorota,Krzyk,martynjan@example.net,+48 510 083 660,Ignacy,Krzyk,usobkow@example.net,604 845 313,Bielsk Podlaski,2023-06-03
172,Ksawery,Bisaga,bruno51@example.com,605 724 006,Róża,Bisaga,ksaweryjaszczyszyn@example.org,+48 783 248 352,Czeladź,2024-08-23
173,Stefan,Fitrzyk,gajapal@example.net,+48 795 906 848,Damian,Fitrzyk,ignacy08@example.net,22 297 08 55,Włocławek,2024-10-29
174,Cezary,Kajdas,sydoraniela@example.org,722 334 118,Lidia,Kajdas,owawszczak@example.org,578 718 443,Środa Wielkopolska,2023-01-05
175,Adrian,Sajewicz,ngetka@example.com,579 062 356,Paweł,Sajewicz,pdoroz@example.com,531 959 508,Warszawa,2024-12-06
176,Dorota,Mueller,smadejczyk@example.org,+48 886 092 577,Aleks,Mueller,mariusz67@example.net,+48 799 691 183,Zambrów,2024-06-20
177,Juliusz,Laszczyk,krekoraantoni@example.com,737 548 947,Dorota,Laszczyk,ykobryn@example.net,+48 732 939 847,Bydgoszcz,2023-09-01
178,Józef,Kopczyk,mmurat@example.org,795 106 494,Tadeusz,Kopczyk,gdzierwa@example.net,+48 729 562 781,Pszczyna,2023-02-14
179,Emil,Machniak,kornelia37@example.org,+48 606 641 165,Gustaw,Machniak,fmaron@example.org,727 196 807,Piastów,2023-12-06
180,Anastazja,Perka,ufnalsylwia@example.net,693 895 812,Malwina,Perka,sarawyroslak@example.net,+48 600 724 879,Poznań,2022-04-16
181,Józef,Sadoch,pmagier@example.net,518 353 956,Marcin,Sadoch,arturengler@example.net,538 046 980,Skierniewice,2024-11-18
182,Bartek,Ulrych,alex65@example.org,507 341 895,Elżbieta,Ulrych,brygolajulian@example.org,726 827 603,Pszczyna,2023-03-22
183,Oskar,Irla,tpetrus@example.net,+48 534 099 466,Tomasz,Irla,dcyrek@example.com,736 785 221,Knurów,2023-07-26
184,Kornel,Porzucek,kreciszryszard@example.org,+48 729 543 390,Karina,Porzucek,ignacybilewicz@example.org,+48 504 392 572,Nysa,2022-08-05
185,Michał,Rejmak,vmleczak@example.org,+48 720 930 240,Alan,Rejmak,aurelia88@example.com,728 209 476,Gniezno,2023-08-17
186,Krystian,Wójcikiewicz,baczkiewiczbartek@example.net,+48 738 777 329,Filip,Wójcikiewicz,xkasak@example.net,+48 783 462 092,Częstochowa,2024-01-07
187,Konstanty,Ciuk,karczmarzmariusz@example.com,22 708 66 28,Rafał,Ciuk,fzywica@example.com,+48 579 033 806,Ząbki,2023-06-14
188,Dariusz,Wywiał,ernestdankiewicz@example.com,+48 607 915 201,Filip,Wywiał,tmigda@example.com,+48 793 353 927,Świdnik,2022-06-26
189,Krystyna,Kenig,albertochnio@example.net,500 751 971,Malwina,Kenig,kalinabakiewicz@example.net,602 298 779,Chorzów,2024-10-17
190,Nela,Suda,phnat@example.org,884 265 103,Justyna,Suda,musialanela@example.org,+48 601 272 659,Świdnica,2022-07-11
191,Filip,Golan,brzekmalwina@example.net,+48 576 263 123,Anna Maria,Golan,marcelbilewicz@example.com,+48 603 333 323,Świdnik,2024-02-18
192,Tadeusz,Tutka,natan66@example.net,+48 798 661 643,Nikodem,Tutka,giedrojcrobert@example.org,+48 501 748 583,Kętrzyn,2022-05-11
193,Marika,Graban,kamilgegotek@example.com,+48 32 952 57 94,Inga,Graban,vkopik@example.com,+48 881 869 426,Knurów,2022-06-22
194,Aleksander,Klyszcz,roksana98@example.org,696 364 684,Ewa,Klyszcz,xkamyk@example.org,+48 784 549 032,Warszawa,2024-09-28
195,Jacek,Karalus,saranalazek@example.org,+48 699 134 435,Stanisław,Karalus,ksawery57@example.net,+48 798 301 611,Sanok,2024-09-27
196,Sebastian,Lesisz,pytlarzmonika@example.net,720 767 801,Patryk,Lesisz,dawid38@example.com,+48 573 889 147,Reda,2023-03-23
197,Miłosz,Piotrak,bugielwiktor@example.com,605 230 398,Kornel,Piotrak,jwladyka@example.com,886 283 793,Jelenia Góra,2024-02-07
198,Maciej,Windak,ciechowiczwitold@example.com,578 842 246,Konstanty,Windak,mandziak@example.com,+48 691 337 948,Jelenia Góra,2021-12-22
199,Michał,Kudela,malwina12@example.net,+48 728 938 131,Józef,Kudela,nikodemsadlak@example.org,739 025 509,Środa Wielkopolska,2023-09-01
200,Angelika,Zegadło,stanislaw57@example.org,727 380 862,Blanka,Zegadło,miklaszewicznatan@example.net,793 356 749,Gniezno,2024-11-07
