1,Aliquid vero id fugit officia.,"Magnam quidem assumenda minus. Iure reprehenderit sit itaque veritatis dolores.
Error repudiandae reprehenderit nihil. Excepturi aut et accusantium.",Zaawansowane
2,Qui voluptate tempora omnis.,Facilis quos ad nulla unde. Ab repellat nam mollitia officia. Id possimus qui non vitae qui beatae quasi.,Inne
3,Ut quia sed placeat error.,Incidunt ratione incidunt numquam ullam. Repudiandae quibusdam quia corporis. Praesentium atque ipsa repellat. Quo pariatur possimus officia animi.,Ogólne
4,Quos rem delectus natus sed.,"Magnam sapiente dicta officiis beatae dolorem omnis.
Rerum praesentium commodi omnis suscipit. Totam sapiente pariatur quidem non debitis animi enim.",Inne
5,In placeat hic modi.,Voluptatum eveniet praesentium illum. Quas deleniti nulla possimus necessitatibus atque aspernatur. Eos rem facere quasi.,Ogólne
6,Libero natus odio at deserunt.,Error maiores corporis dolor. Fugiat laudantium nobis incidunt repudiandae incidunt quos. Minima suscipit consequuntur voluptatum optio.,Ogólne
7,Perspiciatis porro nihil earum.,Reprehenderit alias consectetur voluptatem. In iste quasi officia. Tempora dolorem repellat similique reprehenderit.,Ogólne
8,Quaerat qui ea repellendus.,"Voluptas facere eveniet quo. Tenetur veniam quae suscipit itaque unde debitis.
Facilis dolores autem accusamus. Quisquam officia eum qui.",Ogólne
9,Magni in asperiores minus.,Accusamus consequuntur at provident sapiente facilis cum. Ratione sint reprehenderit quae. Quidem ullam incidunt in rerum dolor.,Specjalistyczne
10,Maxime natus rerum dicta.,Consequatur labore illum optio iste.,Specjalistyczne
11,Nostrum neque culpa.,Occaecati voluptatibus reprehenderit a perspiciatis laborum. Similique corporis dolor suscipit mollitia ullam. Ad sed sint earum similique.,Ogólne
12,Id iure esse amet.,Nam sed repellat soluta nemo exercitationem labore. Quidem quisquam animi nostrum quaerat iste asperiores incidunt.,Inne
13,Eos velit assumenda occaecati.,Doloribus illo ea aut architecto pariatur.,Zaawansowane
14,Possimus iure ad quod.,Rem voluptatum mollitia. Error rerum quam rerum doloribus ab. Sed quibusdam optio.,Ogólne
15,Similique aperiam tempora ullam.,Illum porro consequuntur sit.,Specjalistyczne
16,Ducimus animi magnam dicta.,Hic corrupti exercitationem mollitia molestias. Nam harum aperiam in rerum. Eum fugit assumenda quasi reiciendis maxime dolores in.,Ogólne
17,Voluptas doloremque nam sapiente.,Incidunt ipsam accusantium quo.,Ogólne
18,Quam repellat amet natus ad.,Animi consectetur modi libero qui. Molestiae tempore culpa autem odit.,Podstawy
19,Dolor porro cumque vel.,In odit neque architecto. Itaque sed recusandae necessitatibus reprehenderit.,Zaawansowane
20,Numquam porro error.,Temporibus illum dicta inventore possimus. Similique cumque natus excepturi sapiente.,Ogólne
21,Accusamus eligendi magni fugit.,"Cum minus eos voluptatum tempora suscipit.
Corporis ab modi eius at voluptas assumenda nihil. Magnam repellat minima quia quas cum.",Inne
22,Corporis sed autem eos quaerat.,Dolorem illo magni itaque ducimus nemo nesciunt dignissimos. Distinctio in natus totam animi praesentium. Nemo eaque dolorum quia odio voluptatibus.,Ogólne
23,Eaque ut veniam atque.,Qui commodi minima. Totam iure consequatur. Voluptate odit id impedit doloremque debitis distinctio.,Specjalistyczne
24,Pariatur at natus non non.,"Corrupti hic officiis.
Officiis officia est accusamus. Commodi excepturi architecto optio beatae inventore aut non. Quidem porro assumenda eos.",Podstawy
25,Iure repellat minima nihil hic.,Neque autem odit eveniet. Rerum enim minima ducimus aperiam pariatur in.,Podstawy
26,In id consequuntur eaque.,Pariatur odio possimus voluptatem at facilis. Dolore consequatur dolorem vitae labore quis.,Inne
27,Nihil libero aperiam qui.,"Sunt vel magni. Eius molestias aliquid excepturi. Quidem tempore voluptatum ipsa explicabo labore.
Excepturi modi alias enim.",Podstawy
28,Blanditiis expedita sunt.,Libero laboriosam sed reiciendis suscipit praesentium fuga. Vero laborum ipsam veritatis. A nisi repellendus maiores.,Ogólne
29,Voluptatum expedita eveniet.,Ratione consequuntur molestias perferendis qui veritatis officia consequatur. Corporis alias quos assumenda tempore tempore rem ea.,Inne
30,Aperiam suscipit nobis.,Voluptatem quos expedita at quaerat dolorem. Beatae odit quos maiores quam consequatur magni.,Podstawy
