1,42,1,,,
2,67,1,,,
3,150,1,5,Quos molestiae vitae enim quo magni enim ad. Repudiandae iure officia alias eligendi assumenda fugit. Non adipisci fuga id.,2022-05-02
4,46,1,2,Cupiditate expedita eaque exercitationem. Quibusdam totam dolor temporibus illum dolore id.,2023-01-31
5,27,1,,,
6,33,1,,,
7,55,1,4,Exercitationem eum exercitationem fuga. Itaque dolorem ipsum porro. Inventore laudantium unde rem voluptate qui.,2022-12-22
8,64,1,,,
9,98,1,,,
10,68,1,,,
11,81,1,3,Enim iure a dolore perferendis necessitatibus animi. Facilis earum pariatur autem. Labore doloremque veritatis autem voluptatum.,2022-04-10
12,138,1,,,
13,77,1,3,"Odit animi est voluptatem ducimus.
Nemo earum commodi architecto voluptate. Est sed assumenda veniam molestiae velit. A illo officia sed sint.",2023-10-20
14,71,1,1,Consequatur aperiam expedita alias. Laudantium rerum laboriosam rerum iure id ut aperiam. Repellat harum quis error nobis nostrum.,2022-08-28
15,142,1,,,
16,68,1,4,Harum omnis commodi est consequuntur. Deserunt quo fugiat labore voluptatem et quod.,2023-05-30
17,129,1,2,At voluptatibus ullam esse possimus. Soluta natus corrupti illo deserunt voluptatibus. Perferendis dolorum ex odit.,2024-12-11
18,124,1,4,Ea accusantium animi ut in distinctio aliquid. Voluptas officiis vitae eos. Provident non fugiat.,2022-12-04
19,61,1,4,Commodi provident blanditiis dolorum. Aspernatur rerum maxime fugiat. Nesciunt ipsum nihil eos culpa aspernatur.,2023-05-21
20,30,1,,,
21,6,1,,,
22,17,1,4,Esse molestias soluta eum omnis ducimus velit. Magni natus nemo cupiditate. Voluptates repellat ratione repellat accusantium.,2022-11-18
23,14,1,3,"Minima iste esse qui sequi.
Ipsum porro eius aut pariatur laudantium libero. Eos expedita accusamus fugiat.
Sequi doloremque totam esse consectetur.",2022-03-28
24,173,1,3,"Sequi est at aut alias.
Quis voluptatem iste. Molestiae perspiciatis fugit architecto vel. Facere mollitia eos deleniti.",2023-06-22
25,22,1,4,Ex sit error molestias voluptatum velit distinctio. Voluptate cupiditate sint blanditiis.,2024-11-11
26,67,1,,,
27,141,1,2,"Tempora doloremque est nostrum maxime iste. Ea a corporis nisi mollitia excepturi.
Consequuntur ullam quam iusto. Eligendi eos reprehenderit consectetur dolores quod voluptatem eum.",2022-07-21
28,66,1,1,"Placeat nihil odit. Rerum alias quibusdam nesciunt enim ipsum corporis.
Fuga necessitatibus illum dolorem nisi iste ex modi. Atque quod corrupti deserunt porro impedit.",2022-03-21
29,24,1,4,"Explicabo architecto quas mollitia. Doloremque quo quas illum debitis.
Consequuntur deleniti at nihil reiciendis dignissimos. Necessitatibus voluptatum dolores amet modi.",2022-12-08
30,12,1,,,
31,126,1,,,
32,65,1,4,Delectus amet eaque aliquam reprehenderit. Vero fugit itaque veritatis quis a ipsam. Reiciendis mollitia autem distinctio provident nesciunt libero harum.,2023-01-05
33,117,1,4,"Doloribus voluptatibus animi sit. Consequuntur possimus sequi eaque.
A necessitatibus modi officiis nam facilis veritatis error. Accusantium repellat aperiam aliquid ratione aliquam deleniti.",2024-11-19
34,188,1,,,
35,4,1,5,Occaecati provident voluptatem. Excepturi distinctio repellat placeat corporis officiis.,2023-08-20
36,31,1,,,
37,28,1,5,"At ullam ad rem veritatis. Placeat aspernatur quasi.
Quisquam ipsum cupiditate pariatur saepe corrupti eaque. Voluptatum cumque laborum eligendi similique delectus. Inventore sequi alias.",2024-10-07
38,155,1,1,"Ipsa provident eligendi nisi.
Totam esse porro quam repudiandae. Tempora sed alias. Nesciunt tempora exercitationem commodi. Culpa quaerat optio voluptates amet.",2024-04-01
39,83,1,3,"Laborum quam odio vitae accusamus atque quos. Sunt natus ratione numquam amet doloremque amet.
Ipsum animi ipsum laudantium in fugit aperiam.",2023-03-28
40,66,1,,,
41,161,1,1,Quaerat quod similique sequi. Delectus officia vitae perferendis et non quidem numquam.,2024-07-02
42,25,1,2,"Nemo laborum dolore ipsam commodi. Laudantium numquam ipsum iusto perspiciatis.
Alias velit omnis eum qui consequatur.",2024-07-24
43,121,1,,,
44,19,1,2,Voluptatem eum sed iure assumenda. Voluptatum hic pariatur rem beatae hic similique dolorem.,2022-12-27
45,96,1,,,
46,6,1,4,Impedit id iste nam aliquid eaque. Totam neque veritatis. Placeat tempore pariatur a impedit quasi voluptatibus.,2023-04-03
47,89,1,5,Optio ratione dolorem reprehenderit ipsa architecto eos. Et nisi perspiciatis commodi. Esse repellat similique animi consequuntur recusandae.,2024-05-10
48,87,1,1,"Aliquam nihil deleniti repudiandae fuga ut. Id quaerat non animi.
Saepe quam fugit impedit veritatis. Tempora beatae cumque tempora. Ex fuga culpa corporis autem ipsam.",2023-11-21
49,33,1,3,Ex numquam nisi aspernatur tempora. Autem saepe labore architecto culpa. Amet consequatur ipsa reiciendis beatae.,2023-10-03
50,80,1,3,"Corporis excepturi perferendis dignissimos provident.
Aut animi aliquam. Dolore culpa enim voluptas voluptates laudantium. Corporis dolorum recusandae occaecati magnam.",2023-11-25
51,51,1,,,
52,97,1,,,
53,56,1,3,"Dolore deserunt ipsa totam sunt quaerat porro. Tempore laboriosam nulla sequi ex molestiae vel officia. Velit molestias cumque.
Consectetur quas sed. Vel saepe quidem. Hic temporibus fugit iusto.",2022-08-02
54,72,1,4,"Modi iusto nostrum perferendis fuga officia quisquam. Sint facilis qui eveniet ut aperiam molestias.
Aliquid tenetur quas deserunt id. Hic blanditiis molestias laborum itaque nihil.",2022-12-26
55,3,1,,,
56,196,1,1,Veritatis repudiandae vitae hic. Odio sunt in quis reprehenderit qui itaque. Corrupti ullam inventore temporibus in eligendi. Doloribus necessitatibus minima iusto molestiae vero ipsa dignissimos.,2023-12-31
57,107,1,,,
58,95,1,1,"Minima aut eligendi cupiditate doloribus. Error laudantium beatae libero.
Atque repellat libero velit fugiat sapiente ex. Molestias quae molestias vero. Dolorum dolore quae eum sapiente assumenda.",2023-07-02
59,81,1,3,Quo vitae dolores dignissimos ipsa totam. Sit doloribus quas ipsa a praesentium recusandae.,2023-04-15
60,19,1,4,"Dolores voluptates asperiores dignissimos dicta. Eaque sunt consequuntur iure.
Iste in quibusdam aspernatur fugiat. Accusantium laborum eveniet saepe sed blanditiis quasi.",2023-12-02
61,54,1,5,Beatae veniam ab eveniet perferendis ratione. Rem similique vero molestiae animi eum nostrum. Quis officiis accusantium tempora facilis inventore.,2024-09-06
62,12,1,4,Assumenda accusantium sequi accusamus. Perferendis facilis dolor repudiandae reiciendis similique. Laboriosam architecto eveniet. Non dolore quod.,2023-10-18
63,10,1,1,"Minus aut nam quos impedit. Quo praesentium sed a.
Exercitationem illum iusto quas error. Vitae tenetur adipisci nam eos deleniti voluptatem.",2022-09-05
64,32,1,2,Dolores ducimus provident iste necessitatibus. Maiores excepturi id iusto natus. Doloribus unde aut possimus quis corporis quo. Laudantium facilis accusamus molestias hic ratione voluptas.,2023-11-02
65,36,1,,,
66,29,1,4,"Eaque esse itaque dolores.
Facere blanditiis mollitia similique quia assumenda. Consequuntur sequi autem ratione.",2023-01-02
67,49,1,3,Suscipit iure autem vel cupiditate. Impedit neque dicta a magni iure corrupti incidunt. At nemo dolorem impedit suscipit error deleniti deserunt. Nulla doloribus ullam soluta nostrum.,2024-01-11
68,66,1,,,
69,51,1,1,"Voluptatum provident est ab incidunt. Alias magni eum nemo sit a sint iusto.
Omnis fuga minus possimus quia praesentium.
Provident architecto quasi expedita nulla placeat. Deleniti odit non.",2023-06-28
70,154,1,3,Doloribus nam dolore esse ex. Tempora fuga ad eligendi id eius.,2022-01-10
71,76,1,,,
72,15,1,5,"Accusamus saepe officia blanditiis quae.
Aspernatur temporibus ipsum maxime. Accusamus illo odit harum eos.
Blanditiis similique cum sapiente optio est.",2023-08-06
73,27,1,3,"Ratione nobis ea a. Et commodi excepturi possimus eveniet repellat quos.
Harum ad deserunt voluptate neque doloribus maiores quo. Corrupti possimus laborum.",2024-11-06
74,42,1,,,
75,11,1,,,
76,159,1,,,
77,94,1,5,Possimus perferendis in error commodi consequuntur laborum. Aspernatur eius voluptate tempora. Sed hic eaque atque maiores animi.,2023-04-27
78,32,1,1,Totam recusandae quis corporis iusto deleniti. Quo mollitia iste non. Odio voluptates quia doloribus temporibus aperiam.,2022-01-25
79,62,1,,,
80,1,1,1,"Sed fugit repudiandae fuga ullam. Ut est magnam possimus ut dolorum.
Totam omnis repellendus quod sint molestiae. Dolores perspiciatis fuga tenetur esse reiciendis.",2024-07-21
81,160,1,,,
82,39,1,,,
83,138,1,,,
84,35,1,,,
85,96,1,,,
86,148,1,4,"Fugiat libero fugit dignissimos laudantium. Quia deleniti laboriosam maxime maiores aperiam earum temporibus.
Nam corporis et aspernatur omnis temporibus.",2023-03-08
87,93,1,,,
88,75,1,3,"Fugit mollitia sunt ad sequi voluptas. Cum ullam dolor odit optio dolore vero.
Natus eum error esse dolore. Quae at cum quod laudantium earum. Laboriosam sint sit ut dolor ducimus recusandae aut.",2023-07-10
89,36,1,,,
90,15,1,,,
91,87,1,,,
92,100,1,,,
93,53,1,,,
94,50,1,4,"Doloremque numquam tenetur earum. Vitae voluptate ex error earum doloremque.
Quae architecto in cum tempora eveniet cum adipisci. Sint cumque officiis.",2022-05-23
95,182,1,,,
96,79,1,3,Temporibus alias porro unde. Nemo quod adipisci sed placeat. Illum fugiat sunt iure minus deleniti debitis.,2024-09-10
97,83,1,,,
98,130,1,4,Totam aut nostrum veniam quod earum incidunt quis. Numquam voluptatem dolor quisquam officiis quae. Ipsum doloremque hic quae incidunt.,2024-04-30
99,35,1,,,
100,91,1,3,Officia qui nostrum molestias odit quod ipsa. Dolores dolor explicabo commodi dolore ad nesciunt.,2022-01-23
101,83,1,4,Quae dignissimos nesciunt itaque assumenda. Tempore perspiciatis ab quaerat explicabo. Sequi eaque occaecati.,2024-07-29
102,171,1,,,
103,8,1,,,
104,3,1,2,Fugiat doloremque ullam tenetur ut maiores optio. Eligendi magnam suscipit quas. Quae facere aspernatur veritatis placeat aliquid.,2023-11-27
105,54,1,1,"Esse commodi ullam sit neque ipsa. Non nisi quia nulla.
Officia tenetur numquam dolorem esse minus voluptatibus. Quasi sit ducimus culpa molestiae eaque. Fugiat sit natus veniam accusamus sapiente.",2023-10-04
106,84,1,2,"Ipsum laudantium enim quis recusandae. Ducimus sint nam.
Ullam doloribus fuga esse porro.
Veniam nulla deleniti veritatis. Dignissimos at sequi repellat assumenda maxime.",2022-06-19
107,20,1,2,Architecto tempora fugiat autem repellendus impedit omnis amet. Quae sequi atque laborum. Perferendis voluptate accusantium similique porro quibusdam quasi.,2022-09-17
108,22,1,1,"Laboriosam illo quia quos. Doloribus ex cupiditate laborum exercitationem molestias at.
Nihil porro quam ad eligendi. At facilis rerum neque modi sint itaque.",2023-08-12
109,69,1,1,Cum fugiat dolorum occaecati. Omnis labore vel soluta.,2023-03-15
110,73,1,2,Esse quasi similique placeat. Placeat dolor eaque consequatur ex impedit dolores. Iusto quaerat dolores sapiente perspiciatis praesentium culpa. Sed modi asperiores fugit ipsam fugiat eos.,2022-08-01
111,94,1,,,
112,26,1,5,Aliquid ea rem perferendis aut. Blanditiis enim repudiandae veritatis. Accusantium maxime nam expedita sequi fuga. Sint aperiam eligendi autem.,2023-03-17
113,162,1,,,
114,168,1,,,
115,191,1,3,Consequuntur assumenda ea maiores. Omnis libero harum amet. Repellat beatae neque.,2023-10-08
116,137,1,2,"Velit aliquid minima earum officiis quibusdam quia. Maxime adipisci magnam a porro. Tempora suscipit corporis eveniet.
Asperiores a hic harum.",2022-03-11
117,30,1,,,
118,61,1,2,Ea ratione corporis voluptatibus quis eaque dolor. Voluptatem ab nobis fuga inventore odio blanditiis.,2024-03-18
119,46,1,5,"Doloribus nihil dolore aliquam libero deserunt sapiente. Ad voluptatem atque illum doloribus alias. Ratione debitis inventore nemo.
Maiores dolore officiis ullam. Quidem magni sint qui tempora.",2022-05-20
120,54,1,3,Debitis itaque eligendi minus. Quisquam voluptatibus nesciunt corporis placeat voluptate doloribus blanditiis. Et non id nihil eos sapiente impedit aspernatur.,2023-10-25
121,80,1,,,
122,156,1,,,
123,3,1,,,
124,9,1,,,
125,62,1,4,Voluptates laborum alias nihil voluptate minus. Possimus iure illum dolor tempora aut ex. Eos debitis quaerat repellat accusamus perferendis at.,2023-01-19
126,89,1,,,
127,90,1,5,Vitae quasi fugiat corrupti cumque. Nisi reprehenderit suscipit facere eum provident. Sint quam pariatur veritatis. Inventore maxime minima facilis voluptas aliquam earum.,2022-04-23
128,82,1,,,
129,54,1,2,Doloribus suscipit quisquam ratione fugiat. Cumque maiores eligendi nulla unde quaerat temporibus. Pariatur ab nihil maiores quas ab.,2024-01-09
130,63,1,1,"Culpa nisi impedit suscipit. Minima numquam reprehenderit repellendus laudantium tempora. Necessitatibus omnis aperiam soluta nihil.
Illo nihil iste aspernatur quasi quasi.",2023-04-04
131,11,1,,,
132,54,1,,,
133,31,1,,,
134,13,1,,,
135,11,1,4,Quis suscipit sed nihil consequatur commodi officiis. Ipsum deserunt asperiores minima soluta id occaecati. Voluptate beatae sit ducimus temporibus.,2022-01-21
136,78,1,1,"Aliquid aliquam sed officiis in debitis. Similique unde sunt accusamus itaque facilis.
Tenetur vitae neque veniam saepe. Inventore hic eaque exercitationem nemo incidunt quas.",2022-05-26
137,51,1,,,
138,26,1,3,Amet accusantium impedit sapiente. Enim ullam corrupti sint esse hic. Velit omnis consectetur quam tempore alias repudiandae.,2021-12-31
139,30,1,3,Reiciendis ratione totam ullam at eaque ratione. Fuga fuga accusantium neque mollitia molestias. Maiores aut neque aliquid.,2023-05-19
140,69,1,5,Quibusdam corporis minus perferendis quaerat dolorem voluptate. Sed illum ipsam veritatis sequi pariatur. Quae praesentium ipsa consequuntur cupiditate necessitatibus natus.,2024-01-28
141,24,1,,,
142,183,1,1,"Iusto magni veniam facere. Magnam eos provident maiores.
Dicta consequuntur pariatur. Magnam velit error eaque.
Molestias modi esse laborum dolore inventore quisquam.",2023-02-16
143,67,1,3,Ullam temporibus incidunt repellat fugiat laudantium. Nihil officia unde earum consequatur possimus corrupti vitae. Necessitatibus iure dolorum autem ratione.,2022-08-10
144,129,1,4,"Deleniti laudantium rerum voluptas ipsum labore. Illo architecto vel incidunt quas omnis esse.
Ullam eligendi fuga. Occaecati consequatur inventore libero rem.",2022-07-27
145,114,1,2,"Maiores totam repudiandae. Expedita eius exercitationem veritatis aut porro accusamus.
Sequi voluptatibus tenetur. Voluptatibus aspernatur at illum. Praesentium consequuntur quis adipisci voluptates.",2022-10-29
146,191,1,,,
147,36,1,,,
148,62,1,,,
149,17,1,2,"Dolorem nobis id. Nihil est maiores odio culpa. Beatae quam voluptatum iure deleniti pariatur sed.
Optio aut placeat eligendi. Quod nostrum animi et.",2023-05-13
150,36,1,,,
151,178,1,2,"Expedita vitae itaque at sequi.
Provident eaque id ipsa rerum. Quas dolore occaecati assumenda eius corporis fugiat. Pariatur voluptas temporibus doloribus aut molestias perspiciatis.",2022-03-11
152,59,1,3,"Ad fugiat mollitia quia voluptas. Occaecati facilis possimus odit.
Temporibus distinctio magni laboriosam. Quos cupiditate nisi rerum commodi doloribus.",2023-01-19
153,24,1,5,"Nobis blanditiis saepe quidem voluptate.
Neque quidem at esse quo aliquid ipsa ex. Qui molestias occaecati odit laboriosam.
Amet maxime optio placeat. Neque illo itaque a voluptatum dolorem.",2022-03-25
154,11,1,3,Incidunt magni recusandae hic asperiores ad. Perferendis incidunt nam quisquam.,2023-01-18
155,13,1,5,"Consectetur porro aut nulla exercitationem suscipit at. Accusantium molestiae natus fugiat occaecati illo.
Ex saepe deserunt.",2022-12-15
156,91,1,,,
157,83,1,3,Recusandae quos porro doloribus sapiente harum dolor quos. Quidem aliquam quam tenetur perferendis magni magnam.,2022-04-20
158,173,1,4,"Delectus neque voluptate ab voluptatum. Id corporis voluptatibus. Laudantium error impedit neque.
Nemo blanditiis nobis sequi placeat officiis. Et doloremque porro voluptas.",2023-10-26
159,88,1,5,Doloribus ad quisquam cumque doloremque excepturi dolores. Deleniti commodi illum consequuntur dolorem. Ut eveniet commodi modi ducimus id.,2024-10-14
160,103,1,,,
161,33,1,5,Perspiciatis id adipisci error odio odit tempore. Sit ab cupiditate voluptatem cumque dolores aperiam.,2024-07-24
162,103,1,,,
163,117,1,,,
164,167,1,2,"Adipisci distinctio minus tempore fugit tenetur. Eos rem eos dolores.
Maxime modi incidunt eveniet nisi est. Soluta fugiat laborum quaerat ratione error. Sunt illo in.",2023-12-15
165,122,1,,,
166,47,1,2,Quidem minus animi hic. Ab eligendi minima dicta esse suscipit quia et. Esse molestias laboriosam in.,2023-12-08
167,50,1,3,"Asperiores labore dicta dolorum nesciunt in architecto.
Incidunt amet asperiores reiciendis cum. Pariatur provident et incidunt at.",2023-07-23
168,35,1,,,
169,80,1,,,
170,15,1,3,Error vero nisi repellendus suscipit nisi. Cum sint est temporibus porro voluptatum cupiditate.,2024-11-02
171,54,1,1,"Voluptatibus modi unde magnam animi. Doloremque alias ullam.
Accusantium iste unde repudiandae unde cumque perspiciatis. Ipsum quam magnam error.",2024-03-16
172,88,1,2,"Fugiat itaque cupiditate. Assumenda recusandae dolorum vero optio. Laboriosam exercitationem voluptates doloribus qui.
Sunt et distinctio. Quos voluptas atque alias quod.",2022-04-23
173,50,1,5,"Dolor fugit blanditiis aut. Possimus adipisci dignissimos reprehenderit distinctio. Eos praesentium ex tempore animi facilis labore iusto.
At culpa dolores quibusdam. Expedita nobis facilis.",2022-02-17
174,22,1,,,
175,95,1,,,
176,3,1,1,Debitis eum tempore qui. Quibusdam laboriosam explicabo debitis. Nobis rem accusamus similique.,2023-07-13
177,92,1,5,Occaecati aspernatur occaecati molestiae mollitia. Quidem odio quam iure eveniet quis delectus laudantium. Odit quo modi occaecati impedit cupiditate voluptatum quaerat.,2022-01-06
178,16,1,,,
179,3,1,,,
180,170,1,3,"Consequuntur maiores earum tempore id. Illum quia dolore.
Laboriosam nihil vitae odio ipsa. Repellendus saepe quasi culpa excepturi expedita.",2022-10-09
181,84,1,,,
182,65,1,,,
183,41,1,,,
184,54,1,,,
185,57,1,1,Minima quis veniam fuga sed. Exercitationem deleniti aut. Doloremque sapiente nam animi quas repellat assumenda. Voluptatum quas distinctio hic expedita dolores.,2022-05-19
186,55,1,2,"Occaecati nobis aliquam autem unde. Adipisci ab consectetur laudantium perferendis.
Non aspernatur excepturi corporis occaecati doloremque. Quod repellat quibusdam doloribus.",2023-06-17
187,38,1,2,"Asperiores assumenda voluptatibus a suscipit. Quod commodi quam.
Sapiente iusto ullam vel nemo. Ipsum unde saepe ea molestias ullam.",2024-03-04
188,179,1,,,
189,154,1,1,"Ipsum quae rem explicabo vitae quasi fugiat. Eaque dolor quidem atque velit tempora occaecati.
Ratione eius eveniet porro. Quo consequatur necessitatibus. Cum ratione soluta est fuga numquam.",2023-02-06
190,112,1,,,
191,71,1,2,"Est quibusdam pariatur vel totam eos. Vel ea porro culpa earum.
Eos at quidem impedit inventore eos. Nobis porro accusamus.
Tenetur beatae error repellendus. Nam quisquam provident.",2024-02-29
192,68,1,,,
193,56,1,4,"Voluptas impedit in inventore. Tempore reiciendis nostrum ipsam dolore iste.
Praesentium sint molestiae recusandae harum vero aperiam. Inventore minima praesentium consectetur.",2022-06-02
194,39,1,,,
195,74,1,5,Reiciendis tempore aspernatur unde. Adipisci alias odit ullam eum. Sit unde autem non aliquid fugiat laudantium magni.,2024-05-31
196,71,1,,,
197,69,1,2,Ipsa sint sit odit. Dolorum asperiores voluptatem quas.,2022-12-22
198,44,1,,,
199,86,1,,,
200,51,1,2,Sunt adipisci tenetur consectetur. Tempore sequi esse debitis quae laudantium laborum.,2023-10-15
